Barrio,Tipologia,Tipo de alquiler,Unidad,Valor bajo,Valor alto,Categoria de dato,Fuente,Fecha de actualizacion,Notas
Zeballos Cué,Monoambiente,Airbnb / temporal,USD/noche,,,D,,2026-08-16,Pendiente de relevar.
Zeballos Cué,Monoambiente,Tradicional (sin muebles),USD/mes,,,D,,2026-08-16,Pendiente de relevar.
Zeballos Cué,Monoambiente,Amoblado (largo plazo),USD/mes,,,D,,2026-08-16,Pendiente de relevar.
Zeballos Cué,1 dormitorio,Airbnb / temporal,USD/noche,,,D,,2026-08-16,Pendiente de relevar.
Zeballos Cué,1 dormitorio,Tradicional (sin muebles),USD/mes,,,D,,2026-08-16,Pendiente de relevar.
Zeballos Cué,1 dormitorio,Amoblado (largo plazo),USD/mes,,,D,,2026-08-16,Pendiente de relevar.
Zeballos Cué,2 dormitorios,Airbnb / temporal,USD/noche,,,D,,2026-08-16,Pendiente de relevar.
Zeballos Cué,2 dormitorios,Tradicional (sin muebles),USD/mes,,,D,,2026-08-16,Pendiente de relevar.
Zeballos Cué,2 dormitorios,Amoblado (largo plazo),USD/mes,,,D,,2026-08-16,Pendiente de relevar.
Zeballos Cué,3 dormitorios,Airbnb / temporal,USD/noche,,,D,,2026-08-16,Pendiente de relevar.
Zeballos Cué,3 dormitorios,Tradicional (sin muebles),USD/mes,,,D,,2026-08-16,Pendiente de relevar.
Zeballos Cué,3 dormitorios,Amoblado (largo plazo),USD/mes,,,D,,2026-08-16,Pendiente de relevar.
De la Residenta,Monoambiente,Airbnb / temporal,USD/noche,,,D,,2026-08-16,Pendiente de relevar.
De la Residenta,Monoambiente,Tradicional (sin muebles),USD/mes,,,D,,2026-08-16,Pendiente de relevar.
De la Residenta,Monoambiente,Amoblado (largo plazo),USD/mes,,,D,,2026-08-16,Pendiente de relevar.
De la Residenta,1 dormitorio,Airbnb / temporal,USD/noche,,,D,,2026-08-16,Pendiente de relevar.
De la Residenta,1 dormitorio,Tradicional (sin muebles),USD/mes,,,D,,2026-08-16,Pendiente de relevar.
De la Residenta,1 dormitorio,Amoblado (largo plazo),USD/mes,,,D,,2026-08-16,Pendiente de relevar.
De la Residenta,2 dormitorios,Airbnb / temporal,USD/noche,,,D,,2026-08-16,Pendiente de relevar.
De la Residenta,2 dormitorios,Tradicional (sin muebles),USD/mes,,,D,,2026-08-16,Pendiente de relevar.
De la Residenta,2 dormitorios,Amoblado (largo plazo),USD/mes,,,D,,2026-08-16,Pendiente de relevar.
De la Residenta,3 dormitorios,Airbnb / temporal,USD/noche,,,D,,2026-08-16,Pendiente de relevar.
De la Residenta,3 dormitorios,Tradicional (sin muebles),USD/mes,,,D,,2026-08-16,Pendiente de relevar.
De la Residenta,3 dormitorios,Amoblado (largo plazo),USD/mes,,,D,,2026-08-16,Pendiente de relevar.
San Blas,Monoambiente,Airbnb / temporal,USD/noche,,,D,,2026-08-16,Pendiente de relevar.
San Blas,Monoambiente,Tradicional (sin muebles),USD/mes,,,D,,2026-08-16,Pendiente de relevar.
San Blas,Monoambiente,Amoblado (largo plazo),USD/mes,,,D,,2026-08-16,Pendiente de relevar.
San Blas,1 dormitorio,Airbnb / temporal,USD/noche,,,D,,2026-08-16,Pendiente de relevar.
San Blas,1 dormitorio,Tradicional (sin muebles),USD/mes,,,D,,2026-08-16,Pendiente de relevar.
San Blas,1 dormitorio,Amoblado (largo plazo),USD/mes,,,D,,2026-08-16,Pendiente de relevar.
San Blas,2 dormitorios,Airbnb / temporal,USD/noche,,,D,,2026-08-16,Pendiente de relevar.
San Blas,2 dormitorios,Tradicional (sin muebles),USD/mes,,,D,,2026-08-16,Pendiente de relevar.
San Blas,2 dormitorios,Amoblado (largo plazo),USD/mes,,,D,,2026-08-16,Pendiente de relevar.
San Blas,3 dormitorios,Airbnb / temporal,USD/noche,,,D,,2026-08-16,Pendiente de relevar.
San Blas,3 dormitorios,Tradicional (sin muebles),USD/mes,,,D,,2026-08-16,Pendiente de relevar.
San Blas,3 dormitorios,Amoblado (largo plazo),USD/mes,,,D,,2026-08-16,Pendiente de relevar.
Botánico,Monoambiente,Airbnb / temporal,USD/noche,,,D,,2026-08-16,Pendiente de relevar.
Botánico,Monoambiente,Tradicional (sin muebles),USD/mes,,,D,,2026-08-16,Pendiente de relevar.
Botánico,Monoambiente,Amoblado (largo plazo),USD/mes,,,D,,2026-08-16,Pendiente de relevar.
Botánico,1 dormitorio,Airbnb / temporal,USD/noche,,,D,,2026-08-16,Pendiente de relevar.
Botánico,1 dormitorio,Tradicional (sin muebles),USD/mes,,,D,,2026-08-16,Pendiente de relevar.
Botánico,1 dormitorio,Amoblado (largo plazo),USD/mes,,,D,,2026-08-16,Pendiente de relevar.
Botánico,2 dormitorios,Airbnb / temporal,USD/noche,,,D,,2026-08-16,Pendiente de relevar.
Botánico,2 dormitorios,Tradicional (sin muebles),USD/mes,,,D,,2026-08-16,Pendiente de relevar.
Botánico,2 dormitorios,Amoblado (largo plazo),USD/mes,,,D,,2026-08-16,Pendiente de relevar.
Botánico,3 dormitorios,Airbnb / temporal,USD/noche,,,D,,2026-08-16,Pendiente de relevar.
Botánico,3 dormitorios,Tradicional (sin muebles),USD/mes,,,D,,2026-08-16,Pendiente de relevar.
Botánico,3 dormitorios,Amoblado (largo plazo),USD/mes,,,D,,2026-08-16,Pendiente de relevar.
Loma Pyta,Monoambiente,Airbnb / temporal,USD/noche,,,D,,2026-08-16,Pendiente de relevar.
Loma Pyta,Monoambiente,Tradicional (sin muebles),USD/mes,,,D,,2026-08-16,Pendiente de relevar.
Loma Pyta,Monoambiente,Amoblado (largo plazo),USD/mes,,,D,,2026-08-16,Pendiente de relevar.
Loma Pyta,1 dormitorio,Airbnb / temporal,USD/noche,,,D,,2026-08-16,Pendiente de relevar.
Loma Pyta,1 dormitorio,Tradicional (sin muebles),USD/mes,,,D,,2026-08-16,Pendiente de relevar.
Loma Pyta,1 dormitorio,Amoblado (largo plazo),USD/mes,,,D,,2026-08-16,Pendiente de relevar.
Loma Pyta,2 dormitorios,Airbnb / temporal,USD/noche,,,D,,2026-08-16,Pendiente de relevar.
Loma Pyta,2 dormitorios,Tradicional (sin muebles),USD/mes,,,D,,2026-08-16,Pendiente de relevar.
Loma Pyta,2 dormitorios,Amoblado (largo plazo),USD/mes,,,D,,2026-08-16,Pendiente de relevar.
Loma Pyta,3 dormitorios,Airbnb / temporal,USD/noche,,,D,,2026-08-16,Pendiente de relevar.
Loma Pyta,3 dormitorios,Tradicional (sin muebles),USD/mes,,,D,,2026-08-16,Pendiente de relevar.
Loma Pyta,3 dormitorios,Amoblado (largo plazo),USD/mes,,,D,,2026-08-16,Pendiente de relevar.
Bañado Cara Cará,Monoambiente,Airbnb / temporal,USD/noche,,,D,,2026-08-16,Pendiente de relevar.
Bañado Cara Cará,Monoambiente,Tradicional (sin muebles),USD/mes,,,D,,2026-08-16,Pendiente de relevar.
Bañado Cara Cará,Monoambiente,Amoblado (largo plazo),USD/mes,,,D,,2026-08-16,Pendiente de relevar.
Bañado Cara Cará,1 dormitorio,Airbnb / temporal,USD/noche,,,D,,2026-08-16,Pendiente de relevar.
Bañado Cara Cará,1 dormitorio,Tradicional (sin muebles),USD/mes,,,D,,2026-08-16,Pendiente de relevar.
Bañado Cara Cará,1 dormitorio,Amoblado (largo plazo),USD/mes,,,D,,2026-08-16,Pendiente de relevar.
Bañado Cara Cará,2 dormitorios,Airbnb / temporal,USD/noche,,,D,,2026-08-16,Pendiente de relevar.
Bañado Cara Cará,2 dormitorios,Tradicional (sin muebles),USD/mes,,,D,,2026-08-16,Pendiente de relevar.
Bañado Cara Cará,2 dormitorios,Amoblado (largo plazo),USD/mes,,,D,,2026-08-16,Pendiente de relevar.
Bañado Cara Cará,3 dormitorios,Airbnb / temporal,USD/noche,,,D,,2026-08-16,Pendiente de relevar.
Bañado Cara Cará,3 dormitorios,Tradicional (sin muebles),USD/mes,,,D,,2026-08-16,Pendiente de relevar.
Bañado Cara Cará,3 dormitorios,Amoblado (largo plazo),USD/mes,,,D,,2026-08-16,Pendiente de relevar.
Santa Rosa,Monoambiente,Airbnb / temporal,USD/noche,,,D,,2026-08-16,Pendiente de relevar.
Santa Rosa,Monoambiente,Tradicional (sin muebles),USD/mes,,,D,,2026-08-16,Pendiente de relevar.
Santa Rosa,Monoambiente,Amoblado (largo plazo),USD/mes,,,D,,2026-08-16,Pendiente de relevar.
Santa Rosa,1 dormitorio,Airbnb / temporal,USD/noche,,,D,,2026-08-16,Pendiente de relevar.
Santa Rosa,1 dormitorio,Tradicional (sin muebles),USD/mes,,,D,,2026-08-16,Pendiente de relevar.
Santa Rosa,1 dormitorio,Amoblado (largo plazo),USD/mes,,,D,,2026-08-16,Pendiente de relevar.
Santa Rosa,2 dormitorios,Airbnb / temporal,USD/noche,,,D,,2026-08-16,Pendiente de relevar.
Santa Rosa,2 dormitorios,Tradicional (sin muebles),USD/mes,,,D,,2026-08-16,Pendiente de relevar.
Santa Rosa,2 dormitorios,Amoblado (largo plazo),USD/mes,,,D,,2026-08-16,Pendiente de relevar.
Santa Rosa,3 dormitorios,Airbnb / temporal,USD/noche,,,D,,2026-08-16,Pendiente de relevar.
Santa Rosa,3 dormitorios,Tradicional (sin muebles),USD/mes,,,D,,2026-08-16,Pendiente de relevar.
Santa Rosa,3 dormitorios,Amoblado (largo plazo),USD/mes,,,D,,2026-08-16,Pendiente de relevar.
Tablada Nueva,Monoambiente,Airbnb / temporal,USD/noche,,,D,,2026-08-16,Pendiente de relevar.
Tablada Nueva,Monoambiente,Tradicional (sin muebles),USD/mes,,,D,,2026-08-16,Pendiente de relevar.
Tablada Nueva,Monoambiente,Amoblado (largo plazo),USD/mes,,,D,,2026-08-16,Pendiente de relevar.
Tablada Nueva,1 dormitorio,Airbnb / temporal,USD/noche,,,D,,2026-08-16,Pendiente de relevar.
Tablada Nueva,1 dormitorio,Tradicional (sin muebles),USD/mes,,,D,,2026-08-16,Pendiente de relevar.
Tablada Nueva,1 dormitorio,Amoblado (largo plazo),USD/mes,,,D,,2026-08-16,Pendiente de relevar.
Tablada Nueva,2 dormitorios,Airbnb / temporal,USD/noche,,,D,,2026-08-16,Pendiente de relevar.
Tablada Nueva,2 dormitorios,Tradicional (sin muebles),USD/mes,,,D,,2026-08-16,Pendiente de relevar.
Tablada Nueva,2 dormitorios,Amoblado (largo plazo),USD/mes,,,D,,2026-08-16,Pendiente de relevar.
Tablada Nueva,3 dormitorios,Airbnb / temporal,USD/noche,,,D,,2026-08-16,Pendiente de relevar.
Tablada Nueva,3 dormitorios,Tradicional (sin muebles),USD/mes,,,D,,2026-08-16,Pendiente de relevar.
Tablada Nueva,3 dormitorios,Amoblado (largo plazo),USD/mes,,,D,,2026-08-16,Pendiente de relevar.
Virgen de Fátima,Monoambiente,Airbnb / temporal,USD/noche,,,D,,2026-08-16,Pendiente de relevar.
Virgen de Fátima,Monoambiente,Tradicional (sin muebles),USD/mes,,,D,,2026-08-16,Pendiente de relevar.
Virgen de Fátima,Monoambiente,Amoblado (largo plazo),USD/mes,,,D,,2026-08-16,Pendiente de relevar.
Virgen de Fátima,1 dormitorio,Airbnb / temporal,USD/noche,,,D,,2026-08-16,Pendiente de relevar.
Virgen de Fátima,1 dormitorio,Tradicional (sin muebles),USD/mes,,,D,,2026-08-16,Pendiente de relevar.
Virgen de Fátima,1 dormitorio,Amoblado (largo plazo),USD/mes,,,D,,2026-08-16,Pendiente de relevar.
Virgen de Fátima,2 dormitorios,Airbnb / temporal,USD/noche,,,D,,2026-08-16,Pendiente de relevar.
Virgen de Fátima,2 dormitorios,Tradicional (sin muebles),USD/mes,,,D,,2026-08-16,Pendiente de relevar.
Virgen de Fátima,2 dormitorios,Amoblado (largo plazo),USD/mes,,,D,,2026-08-16,Pendiente de relevar.
Virgen de Fátima,3 dormitorios,Airbnb / temporal,USD/noche,,,D,,2026-08-16,Pendiente de relevar.
Virgen de Fátima,3 dormitorios,Tradicional (sin muebles),USD/mes,,,D,,2026-08-16,Pendiente de relevar.
Virgen de Fátima,3 dormitorios,Amoblado (largo plazo),USD/mes,,,D,,2026-08-16,Pendiente de relevar.
Santísima Trinidad,Monoambiente,Airbnb / temporal,USD/noche,,,D,,2026-08-16,Pendiente de relevar.
Santísima Trinidad,Monoambiente,Tradicional (sin muebles),USD/mes,,,D,,2026-08-16,Pendiente de relevar.
Santísima Trinidad,Monoambiente,Amoblado (largo plazo),USD/mes,,,D,,2026-08-16,Pendiente de relevar.
Santísima Trinidad,1 dormitorio,Airbnb / temporal,USD/noche,,,D,,2026-08-16,Pendiente de relevar.
Santísima Trinidad,1 dormitorio,Tradicional (sin muebles),USD/mes,,,D,,2026-08-16,Pendiente de relevar.
Santísima Trinidad,1 dormitorio,Amoblado (largo plazo),USD/mes,,,D,,2026-08-16,Pendiente de relevar.
Santísima Trinidad,2 dormitorios,Airbnb / temporal,USD/noche,,,D,,2026-08-16,Pendiente de relevar.
Santísima Trinidad,2 dormitorios,Tradicional (sin muebles),USD/mes,,,D,,2026-08-16,Pendiente de relevar.
Santísima Trinidad,2 dormitorios,Amoblado (largo plazo),USD/mes,,,D,,2026-08-16,Pendiente de relevar.
Santísima Trinidad,3 dormitorios,Airbnb / temporal,USD/noche,,,D,,2026-08-16,Pendiente de relevar.
Santísima Trinidad,3 dormitorios,Tradicional (sin muebles),USD/mes,,,D,,2026-08-16,Pendiente de relevar.
Santísima Trinidad,3 dormitorios,Amoblado (largo plazo),USD/mes,,,D,,2026-08-16,Pendiente de relevar.
Mbocayaty,Monoambiente,Airbnb / temporal,USD/noche,,,D,,2026-08-16,Pendiente de relevar.
Mbocayaty,Monoambiente,Tradicional (sin muebles),USD/mes,,,D,,2026-08-16,Pendiente de relevar.
Mbocayaty,Monoambiente,Amoblado (largo plazo),USD/mes,,,D,,2026-08-16,Pendiente de relevar.
Mbocayaty,1 dormitorio,Airbnb / temporal,USD/noche,,,D,,2026-08-16,Pendiente de relevar.
Mbocayaty,1 dormitorio,Tradicional (sin muebles),USD/mes,,,D,,2026-08-16,Pendiente de relevar.
Mbocayaty,1 dormitorio,Amoblado (largo plazo),USD/mes,,,D,,2026-08-16,Pendiente de relevar.
Mbocayaty,2 dormitorios,Airbnb / temporal,USD/noche,,,D,,2026-08-16,Pendiente de relevar.
Mbocayaty,2 dormitorios,Tradicional (sin muebles),USD/mes,,,D,,2026-08-16,Pendiente de relevar.
Mbocayaty,2 dormitorios,Amoblado (largo plazo),USD/mes,,,D,,2026-08-16,Pendiente de relevar.
Mbocayaty,3 dormitorios,Airbnb / temporal,USD/noche,,,D,,2026-08-16,Pendiente de relevar.
Mbocayaty,3 dormitorios,Tradicional (sin muebles),USD/mes,,,D,,2026-08-16,Pendiente de relevar.
Mbocayaty,3 dormitorios,Amoblado (largo plazo),USD/mes,,,D,,2026-08-16,Pendiente de relevar.
Ñu Guazú,Monoambiente,Airbnb / temporal,USD/noche,,,D,,2026-08-16,Pendiente de relevar.
Ñu Guazú,Monoambiente,Tradicional (sin muebles),USD/mes,,,D,,2026-08-16,Pendiente de relevar.
Ñu Guazú,Monoambiente,Amoblado (largo plazo),USD/mes,,,D,,2026-08-16,Pendiente de relevar.
Ñu Guazú,1 dormitorio,Airbnb / temporal,USD/noche,,,D,,2026-08-16,Pendiente de relevar.
Ñu Guazú,1 dormitorio,Tradicional (sin muebles),USD/mes,,,D,,2026-08-16,Pendiente de relevar.
Ñu Guazú,1 dormitorio,Amoblado (largo plazo),USD/mes,,,D,,2026-08-16,Pendiente de relevar.
Ñu Guazú,2 dormitorios,Airbnb / temporal,USD/noche,,,D,,2026-08-16,Pendiente de relevar.
Ñu Guazú,2 dormitorios,Tradicional (sin muebles),USD/mes,,,D,,2026-08-16,Pendiente de relevar.
Ñu Guazú,2 dormitorios,Amoblado (largo plazo),USD/mes,,,D,,2026-08-16,Pendiente de relevar.
Ñu Guazú,3 dormitorios,Airbnb / temporal,USD/noche,,,D,,2026-08-16,Pendiente de relevar.
Ñu Guazú,3 dormitorios,Tradicional (sin muebles),USD/mes,,,D,,2026-08-16,Pendiente de relevar.
Ñu Guazú,3 dormitorios,Amoblado (largo plazo),USD/mes,,,D,,2026-08-16,Pendiente de relevar.
Banco San Miguel,Monoambiente,Airbnb / temporal,USD/noche,,,D,,2026-08-16,Pendiente de relevar.
Banco San Miguel,Monoambiente,Tradicional (sin muebles),USD/mes,,,D,,2026-08-16,Pendiente de relevar.
Banco San Miguel,Monoambiente,Amoblado (largo plazo),USD/mes,,,D,,2026-08-16,Pendiente de relevar.
Banco San Miguel,1 dormitorio,Airbnb / temporal,USD/noche,,,D,,2026-08-16,Pendiente de relevar.
Banco San Miguel,1 dormitorio,Tradicional (sin muebles),USD/mes,,,D,,2026-08-16,Pendiente de relevar.
Banco San Miguel,1 dormitorio,Amoblado (largo plazo),USD/mes,,,D,,2026-08-16,Pendiente de relevar.
Banco San Miguel,2 dormitorios,Airbnb / temporal,USD/noche,,,D,,2026-08-16,Pendiente de relevar.
Banco San Miguel,2 dormitorios,Tradicional (sin muebles),USD/mes,,,D,,2026-08-16,Pendiente de relevar.
Banco San Miguel,2 dormitorios,Amoblado (largo plazo),USD/mes,,,D,,2026-08-16,Pendiente de relevar.
Banco San Miguel,3 dormitorios,Airbnb / temporal,USD/noche,,,D,,2026-08-16,Pendiente de relevar.
Banco San Miguel,3 dormitorios,Tradicional (sin muebles),USD/mes,,,D,,2026-08-16,Pendiente de relevar.
Banco San Miguel,3 dormitorios,Amoblado (largo plazo),USD/mes,,,D,,2026-08-16,Pendiente de relevar.
Virgen de la Asunción,Monoambiente,Airbnb / temporal,USD/noche,,,D,,2026-08-16,Pendiente de relevar.
Virgen de la Asunción,Monoambiente,Tradicional (sin muebles),USD/mes,,,D,,2026-08-16,Pendiente de relevar.
Virgen de la Asunción,Monoambiente,Amoblado (largo plazo),USD/mes,,,D,,2026-08-16,Pendiente de relevar.
Virgen de la Asunción,1 dormitorio,Airbnb / temporal,USD/noche,,,D,,2026-08-16,Pendiente de relevar.
Virgen de la Asunción,1 dormitorio,Tradicional (sin muebles),USD/mes,,,D,,2026-08-16,Pendiente de relevar.
Virgen de la Asunción,1 dormitorio,Amoblado (largo plazo),USD/mes,,,D,,2026-08-16,Pendiente de relevar.
Virgen de la Asunción,2 dormitorios,Airbnb / temporal,USD/noche,,,D,,2026-08-16,Pendiente de relevar.
Virgen de la Asunción,2 dormitorios,Tradicional (sin muebles),USD/mes,,,D,,2026-08-16,Pendiente de relevar.
Virgen de la Asunción,2 dormitorios,Amoblado (largo plazo),USD/mes,,,D,,2026-08-16,Pendiente de relevar.
Virgen de la Asunción,3 dormitorios,Airbnb / temporal,USD/noche,,,D,,2026-08-16,Pendiente de relevar.
Virgen de la Asunción,3 dormitorios,Tradicional (sin muebles),USD/mes,,,D,,2026-08-16,Pendiente de relevar.
Virgen de la Asunción,3 dormitorios,Amoblado (largo plazo),USD/mes,,,D,,2026-08-16,Pendiente de relevar.
Mburucuyá,Monoambiente,Airbnb / temporal,USD/noche,,,D,,2026-08-16,Pendiente de relevar.
Mburucuyá,Monoambiente,Tradicional (sin muebles),USD/mes,,,D,,2026-08-16,Pendiente de relevar.
Mburucuyá,Monoambiente,Amoblado (largo plazo),USD/mes,,,D,,2026-08-16,Pendiente de relevar.
Mburucuyá,1 dormitorio,Airbnb / temporal,USD/noche,,,D,,2026-08-16,Pendiente de relevar.
Mburucuyá,1 dormitorio,Tradicional (sin muebles),USD/mes,,,D,,2026-08-16,Pendiente de relevar.
Mburucuyá,1 dormitorio,Amoblado (largo plazo),USD/mes,800,800,C,InfoCasas — Eje Corporativo,2026-08-16,"Primer corte via busqueda web, 2026-08-15/16 — no es relevamiento exhaustivo ni tasacion profesional."
Mburucuyá,2 dormitorios,Airbnb / temporal,USD/noche,,,D,,2026-08-16,Pendiente de relevar.
Mburucuyá,2 dormitorios,Tradicional (sin muebles),USD/mes,,,D,,2026-08-16,Pendiente de relevar.
Mburucuyá,2 dormitorios,Amoblado (largo plazo),USD/mes,1200,1400,C,InfoCasas — Eje Corporativo,2026-08-16,"Primer corte via busqueda web, 2026-08-15/16 — no es relevamiento exhaustivo ni tasacion profesional."
Mburucuyá,3 dormitorios,Airbnb / temporal,USD/noche,,,D,,2026-08-16,Pendiente de relevar.
Mburucuyá,3 dormitorios,Tradicional (sin muebles),USD/mes,,,D,,2026-08-16,Pendiente de relevar.
Mburucuyá,3 dormitorios,Amoblado (largo plazo),USD/mes,3100,4500,C,"InfoCasas — incluye penthouse de lujo, referencia de techo",2026-08-16,"Primer corte via busqueda web, 2026-08-15/16 — no es relevamiento exhaustivo ni tasacion profesional."
Cañada del Ybyray,Monoambiente,Airbnb / temporal,USD/noche,,,D,,2026-08-16,Pendiente de relevar.
Cañada del Ybyray,Monoambiente,Tradicional (sin muebles),USD/mes,,,D,,2026-08-16,Pendiente de relevar.
Cañada del Ybyray,Monoambiente,Amoblado (largo plazo),USD/mes,,,D,,2026-08-16,Pendiente de relevar.
Cañada del Ybyray,1 dormitorio,Airbnb / temporal,USD/noche,,,D,,2026-08-16,Pendiente de relevar.
Cañada del Ybyray,1 dormitorio,Tradicional (sin muebles),USD/mes,,,D,,2026-08-16,Pendiente de relevar.
Cañada del Ybyray,1 dormitorio,Amoblado (largo plazo),USD/mes,,,D,,2026-08-16,Pendiente de relevar.
Cañada del Ybyray,2 dormitorios,Airbnb / temporal,USD/noche,,,D,,2026-08-16,Pendiente de relevar.
Cañada del Ybyray,2 dormitorios,Tradicional (sin muebles),USD/mes,,,D,,2026-08-16,Pendiente de relevar.
Cañada del Ybyray,2 dormitorios,Amoblado (largo plazo),USD/mes,,,D,,2026-08-16,Pendiente de relevar.
Cañada del Ybyray,3 dormitorios,Airbnb / temporal,USD/noche,,,D,,2026-08-16,Pendiente de relevar.
Cañada del Ybyray,3 dormitorios,Tradicional (sin muebles),USD/mes,,,D,,2026-08-16,Pendiente de relevar.
Cañada del Ybyray,3 dormitorios,Amoblado (largo plazo),USD/mes,,,D,,2026-08-16,Pendiente de relevar.
Madame Lynch,Monoambiente,Airbnb / temporal,USD/noche,,,D,,2026-08-16,Pendiente de relevar.
Madame Lynch,Monoambiente,Tradicional (sin muebles),USD/mes,,,D,,2026-08-16,Pendiente de relevar.
Madame Lynch,Monoambiente,Amoblado (largo plazo),USD/mes,,,D,,2026-08-16,Pendiente de relevar.
Madame Lynch,1 dormitorio,Airbnb / temporal,USD/noche,,,D,,2026-08-16,Pendiente de relevar.
Madame Lynch,1 dormitorio,Tradicional (sin muebles),USD/mes,,,D,,2026-08-16,Pendiente de relevar.
Madame Lynch,1 dormitorio,Amoblado (largo plazo),USD/mes,,,D,,2026-08-16,Pendiente de relevar.
Madame Lynch,2 dormitorios,Airbnb / temporal,USD/noche,,,D,,2026-08-16,Pendiente de relevar.
Madame Lynch,2 dormitorios,Tradicional (sin muebles),USD/mes,,,D,,2026-08-16,Pendiente de relevar.
Madame Lynch,2 dormitorios,Amoblado (largo plazo),USD/mes,,,D,,2026-08-16,Pendiente de relevar.
Madame Lynch,3 dormitorios,Airbnb / temporal,USD/noche,,,D,,2026-08-16,Pendiente de relevar.
Madame Lynch,3 dormitorios,Tradicional (sin muebles),USD/mes,,,D,,2026-08-16,Pendiente de relevar.
Madame Lynch,3 dormitorios,Amoblado (largo plazo),USD/mes,,,D,,2026-08-16,Pendiente de relevar.
Salvador del Mundo,Monoambiente,Airbnb / temporal,USD/noche,,,D,,2026-08-16,Pendiente de relevar.
Salvador del Mundo,Monoambiente,Tradicional (sin muebles),USD/mes,,,D,,2026-08-16,Pendiente de relevar.
Salvador del Mundo,Monoambiente,Amoblado (largo plazo),USD/mes,,,D,,2026-08-16,Pendiente de relevar.
Salvador del Mundo,1 dormitorio,Airbnb / temporal,USD/noche,,,D,,2026-08-16,Pendiente de relevar.
Salvador del Mundo,1 dormitorio,Tradicional (sin muebles),USD/mes,,,D,,2026-08-16,Pendiente de relevar.
Salvador del Mundo,1 dormitorio,Amoblado (largo plazo),USD/mes,,,D,,2026-08-16,Pendiente de relevar.
Salvador del Mundo,2 dormitorios,Airbnb / temporal,USD/noche,,,D,,2026-08-16,Pendiente de relevar.
Salvador del Mundo,2 dormitorios,Tradicional (sin muebles),USD/mes,,,D,,2026-08-16,Pendiente de relevar.
Salvador del Mundo,2 dormitorios,Amoblado (largo plazo),USD/mes,,,D,,2026-08-16,Pendiente de relevar.
Salvador del Mundo,3 dormitorios,Airbnb / temporal,USD/noche,,,D,,2026-08-16,Pendiente de relevar.
Salvador del Mundo,3 dormitorios,Tradicional (sin muebles),USD/mes,,,D,,2026-08-16,Pendiente de relevar.
Salvador del Mundo,3 dormitorios,Amoblado (largo plazo),USD/mes,,,D,,2026-08-16,Pendiente de relevar.
Jara,Monoambiente,Airbnb / temporal,USD/noche,,,D,,2026-08-16,Pendiente de relevar.
Jara,Monoambiente,Tradicional (sin muebles),USD/mes,,,D,,2026-08-16,Pendiente de relevar.
Jara,Monoambiente,Amoblado (largo plazo),USD/mes,,,D,,2026-08-16,Pendiente de relevar.
Jara,1 dormitorio,Airbnb / temporal,USD/noche,,,D,,2026-08-16,Pendiente de relevar.
Jara,1 dormitorio,Tradicional (sin muebles),USD/mes,,,D,,2026-08-16,Pendiente de relevar.
Jara,1 dormitorio,Amoblado (largo plazo),USD/mes,,,D,,2026-08-16,Pendiente de relevar.
Jara,2 dormitorios,Airbnb / temporal,USD/noche,,,D,,2026-08-16,Pendiente de relevar.
Jara,2 dormitorios,Tradicional (sin muebles),USD/mes,,,D,,2026-08-16,Pendiente de relevar.
Jara,2 dormitorios,Amoblado (largo plazo),USD/mes,,,D,,2026-08-16,Pendiente de relevar.
Jara,3 dormitorios,Airbnb / temporal,USD/noche,,,D,,2026-08-16,Pendiente de relevar.
Jara,3 dormitorios,Tradicional (sin muebles),USD/mes,,,D,,2026-08-16,Pendiente de relevar.
Jara,3 dormitorios,Amoblado (largo plazo),USD/mes,,,D,,2026-08-16,Pendiente de relevar.
Virgen del Huerto,Monoambiente,Airbnb / temporal,USD/noche,,,D,,2026-08-16,Pendiente de relevar.
Virgen del Huerto,Monoambiente,Tradicional (sin muebles),USD/mes,,,D,,2026-08-16,Pendiente de relevar.
Virgen del Huerto,Monoambiente,Amoblado (largo plazo),USD/mes,,,D,,2026-08-16,Pendiente de relevar.
Virgen del Huerto,1 dormitorio,Airbnb / temporal,USD/noche,,,D,,2026-08-16,Pendiente de relevar.
Virgen del Huerto,1 dormitorio,Tradicional (sin muebles),USD/mes,,,D,,2026-08-16,Pendiente de relevar.
Virgen del Huerto,1 dormitorio,Amoblado (largo plazo),USD/mes,,,D,,2026-08-16,Pendiente de relevar.
Virgen del Huerto,2 dormitorios,Airbnb / temporal,USD/noche,,,D,,2026-08-16,Pendiente de relevar.
Virgen del Huerto,2 dormitorios,Tradicional (sin muebles),USD/mes,,,D,,2026-08-16,Pendiente de relevar.
Virgen del Huerto,2 dormitorios,Amoblado (largo plazo),USD/mes,,,D,,2026-08-16,Pendiente de relevar.
Virgen del Huerto,3 dormitorios,Airbnb / temporal,USD/noche,,,D,,2026-08-16,Pendiente de relevar.
Virgen del Huerto,3 dormitorios,Tradicional (sin muebles),USD/mes,,,D,,2026-08-16,Pendiente de relevar.
Virgen del Huerto,3 dormitorios,Amoblado (largo plazo),USD/mes,,,D,,2026-08-16,Pendiente de relevar.
Bella Vista,Monoambiente,Airbnb / temporal,USD/noche,,,D,,2026-08-16,Pendiente de relevar.
Bella Vista,Monoambiente,Tradicional (sin muebles),USD/mes,,,D,,2026-08-16,Pendiente de relevar.
Bella Vista,Monoambiente,Amoblado (largo plazo),USD/mes,,,D,,2026-08-16,Pendiente de relevar.
Bella Vista,1 dormitorio,Airbnb / temporal,USD/noche,,,D,,2026-08-16,Pendiente de relevar.
Bella Vista,1 dormitorio,Tradicional (sin muebles),USD/mes,,,D,,2026-08-16,Pendiente de relevar.
Bella Vista,1 dormitorio,Amoblado (largo plazo),USD/mes,,,D,,2026-08-16,Pendiente de relevar.
Bella Vista,2 dormitorios,Airbnb / temporal,USD/noche,,,D,,2026-08-16,Pendiente de relevar.
Bella Vista,2 dormitorios,Tradicional (sin muebles),USD/mes,,,D,,2026-08-16,Pendiente de relevar.
Bella Vista,2 dormitorios,Amoblado (largo plazo),USD/mes,,,D,,2026-08-16,Pendiente de relevar.
Bella Vista,3 dormitorios,Airbnb / temporal,USD/noche,,,D,,2026-08-16,Pendiente de relevar.
Bella Vista,3 dormitorios,Tradicional (sin muebles),USD/mes,,,D,,2026-08-16,Pendiente de relevar.
Bella Vista,3 dormitorios,Amoblado (largo plazo),USD/mes,,,D,,2026-08-16,Pendiente de relevar.
Santo Domingo,Monoambiente,Airbnb / temporal,USD/noche,,,D,,2026-08-16,Pendiente de relevar.
Santo Domingo,Monoambiente,Tradicional (sin muebles),USD/mes,,,D,,2026-08-16,Pendiente de relevar.
Santo Domingo,Monoambiente,Amoblado (largo plazo),USD/mes,,,D,,2026-08-16,Pendiente de relevar.
Santo Domingo,1 dormitorio,Airbnb / temporal,USD/noche,,,D,,2026-08-16,Pendiente de relevar.
Santo Domingo,1 dormitorio,Tradicional (sin muebles),USD/mes,,,D,,2026-08-16,Pendiente de relevar.
Santo Domingo,1 dormitorio,Amoblado (largo plazo),USD/mes,,,D,,2026-08-16,Pendiente de relevar.
Santo Domingo,2 dormitorios,Airbnb / temporal,USD/noche,,,D,,2026-08-16,Pendiente de relevar.
Santo Domingo,2 dormitorios,Tradicional (sin muebles),USD/mes,,,D,,2026-08-16,Pendiente de relevar.
Santo Domingo,2 dormitorios,Amoblado (largo plazo),USD/mes,,,D,,2026-08-16,Pendiente de relevar.
Santo Domingo,3 dormitorios,Airbnb / temporal,USD/noche,,,D,,2026-08-16,Pendiente de relevar.
Santo Domingo,3 dormitorios,Tradicional (sin muebles),USD/mes,,,D,,2026-08-16,Pendiente de relevar.
Santo Domingo,3 dormitorios,Amoblado (largo plazo),USD/mes,,,D,,2026-08-16,Pendiente de relevar.
Las Lomas,Monoambiente,Airbnb / temporal,USD/noche,,,D,,2026-08-16,Pendiente de relevar.
Las Lomas,Monoambiente,Tradicional (sin muebles),USD/mes,,,D,,2026-08-16,Pendiente de relevar.
Las Lomas,Monoambiente,Amoblado (largo plazo),USD/mes,,,D,,2026-08-16,Pendiente de relevar.
Las Lomas,1 dormitorio,Airbnb / temporal,USD/noche,,,D,,2026-08-16,Pendiente de relevar.
Las Lomas,1 dormitorio,Tradicional (sin muebles),USD/mes,800,800,C,InfoCasas,2026-08-16,"Primer corte via busqueda web, 2026-08-15/16 — no es relevamiento exhaustivo ni tasacion profesional."
Las Lomas,1 dormitorio,Amoblado (largo plazo),USD/mes,,,D,,2026-08-16,Pendiente de relevar.
Las Lomas,2 dormitorios,Airbnb / temporal,USD/noche,,,D,,2026-08-16,Pendiente de relevar.
Las Lomas,2 dormitorios,Tradicional (sin muebles),USD/mes,,,D,,2026-08-16,Pendiente de relevar.
Las Lomas,2 dormitorios,Amoblado (largo plazo),USD/mes,1100,1200,C,InfoCasas,2026-08-16,"Primer corte via busqueda web, 2026-08-15/16 — no es relevamiento exhaustivo ni tasacion profesional."
Las Lomas,3 dormitorios,Airbnb / temporal,USD/noche,,,D,,2026-08-16,Pendiente de relevar.
Las Lomas,3 dormitorios,Tradicional (sin muebles),USD/mes,,,D,,2026-08-16,Pendiente de relevar.
Las Lomas,3 dormitorios,Amoblado (largo plazo),USD/mes,,,D,,2026-08-16,Pendiente de relevar.
San Jorge,Monoambiente,Airbnb / temporal,USD/noche,,,D,,2026-08-16,Pendiente de relevar.
San Jorge,Monoambiente,Tradicional (sin muebles),USD/mes,,,D,,2026-08-16,Pendiente de relevar.
San Jorge,Monoambiente,Amoblado (largo plazo),USD/mes,,,D,,2026-08-16,Pendiente de relevar.
San Jorge,1 dormitorio,Airbnb / temporal,USD/noche,,,D,,2026-08-16,Pendiente de relevar.
San Jorge,1 dormitorio,Tradicional (sin muebles),USD/mes,,,D,,2026-08-16,Pendiente de relevar.
San Jorge,1 dormitorio,Amoblado (largo plazo),USD/mes,,,D,,2026-08-16,Pendiente de relevar.
San Jorge,2 dormitorios,Airbnb / temporal,USD/noche,,,D,,2026-08-16,Pendiente de relevar.
San Jorge,2 dormitorios,Tradicional (sin muebles),USD/mes,,,D,,2026-08-16,Pendiente de relevar.
San Jorge,2 dormitorios,Amoblado (largo plazo),USD/mes,,,D,,2026-08-16,Pendiente de relevar.
San Jorge,3 dormitorios,Airbnb / temporal,USD/noche,,,D,,2026-08-16,Pendiente de relevar.
San Jorge,3 dormitorios,Tradicional (sin muebles),USD/mes,,,D,,2026-08-16,Pendiente de relevar.
San Jorge,3 dormitorios,Amoblado (largo plazo),USD/mes,,,D,,2026-08-16,Pendiente de relevar.
Dr. Francia,Monoambiente,Airbnb / temporal,USD/noche,,,D,,2026-08-16,Pendiente de relevar.
Dr. Francia,Monoambiente,Tradicional (sin muebles),USD/mes,,,D,,2026-08-16,Pendiente de relevar.
Dr. Francia,Monoambiente,Amoblado (largo plazo),USD/mes,,,D,,2026-08-16,Pendiente de relevar.
Dr. Francia,1 dormitorio,Airbnb / temporal,USD/noche,,,D,,2026-08-16,Pendiente de relevar.
Dr. Francia,1 dormitorio,Tradicional (sin muebles),USD/mes,,,D,,2026-08-16,Pendiente de relevar.
Dr. Francia,1 dormitorio,Amoblado (largo plazo),USD/mes,,,D,,2026-08-16,Pendiente de relevar.
Dr. Francia,2 dormitorios,Airbnb / temporal,USD/noche,,,D,,2026-08-16,Pendiente de relevar.
Dr. Francia,2 dormitorios,Tradicional (sin muebles),USD/mes,,,D,,2026-08-16,Pendiente de relevar.
Dr. Francia,2 dormitorios,Amoblado (largo plazo),USD/mes,,,D,,2026-08-16,Pendiente de relevar.
Dr. Francia,3 dormitorios,Airbnb / temporal,USD/noche,,,D,,2026-08-16,Pendiente de relevar.
Dr. Francia,3 dormitorios,Tradicional (sin muebles),USD/mes,,,D,,2026-08-16,Pendiente de relevar.
Dr. Francia,3 dormitorios,Amoblado (largo plazo),USD/mes,,,D,,2026-08-16,Pendiente de relevar.
Encarnación,Monoambiente,Airbnb / temporal,USD/noche,,,D,,2026-08-16,Pendiente de relevar.
Encarnación,Monoambiente,Tradicional (sin muebles),USD/mes,,,D,,2026-08-16,Pendiente de relevar.
Encarnación,Monoambiente,Amoblado (largo plazo),USD/mes,,,D,,2026-08-16,Pendiente de relevar.
Encarnación,1 dormitorio,Airbnb / temporal,USD/noche,,,D,,2026-08-16,Pendiente de relevar.
Encarnación,1 dormitorio,Tradicional (sin muebles),USD/mes,,,D,,2026-08-16,Pendiente de relevar.
Encarnación,1 dormitorio,Amoblado (largo plazo),USD/mes,,,D,,2026-08-16,Pendiente de relevar.
Encarnación,2 dormitorios,Airbnb / temporal,USD/noche,,,D,,2026-08-16,Pendiente de relevar.
Encarnación,2 dormitorios,Tradicional (sin muebles),USD/mes,,,D,,2026-08-16,Pendiente de relevar.
Encarnación,2 dormitorios,Amoblado (largo plazo),USD/mes,,,D,,2026-08-16,Pendiente de relevar.
Encarnación,3 dormitorios,Airbnb / temporal,USD/noche,,,D,,2026-08-16,Pendiente de relevar.
Encarnación,3 dormitorios,Tradicional (sin muebles),USD/mes,,,D,,2026-08-16,Pendiente de relevar.
Encarnación,3 dormitorios,Amoblado (largo plazo),USD/mes,,,D,,2026-08-16,Pendiente de relevar.
Ricardo Brugada,Monoambiente,Airbnb / temporal,USD/noche,,,D,,2026-08-16,Pendiente de relevar.
Ricardo Brugada,Monoambiente,Tradicional (sin muebles),USD/mes,,,D,,2026-08-16,Pendiente de relevar.
Ricardo Brugada,Monoambiente,Amoblado (largo plazo),USD/mes,,,D,,2026-08-16,Pendiente de relevar.
Ricardo Brugada,1 dormitorio,Airbnb / temporal,USD/noche,,,D,,2026-08-16,Pendiente de relevar.
Ricardo Brugada,1 dormitorio,Tradicional (sin muebles),USD/mes,,,D,,2026-08-16,Pendiente de relevar.
Ricardo Brugada,1 dormitorio,Amoblado (largo plazo),USD/mes,,,D,,2026-08-16,Pendiente de relevar.
Ricardo Brugada,2 dormitorios,Airbnb / temporal,USD/noche,,,D,,2026-08-16,Pendiente de relevar.
Ricardo Brugada,2 dormitorios,Tradicional (sin muebles),USD/mes,,,D,,2026-08-16,Pendiente de relevar.
Ricardo Brugada,2 dormitorios,Amoblado (largo plazo),USD/mes,,,D,,2026-08-16,Pendiente de relevar.
Ricardo Brugada,3 dormitorios,Airbnb / temporal,USD/noche,,,D,,2026-08-16,Pendiente de relevar.
Ricardo Brugada,3 dormitorios,Tradicional (sin muebles),USD/mes,,,D,,2026-08-16,Pendiente de relevar.
Ricardo Brugada,3 dormitorios,Amoblado (largo plazo),USD/mes,,,D,,2026-08-16,Pendiente de relevar.
Las Mercedes,Monoambiente,Airbnb / temporal,USD/noche,,,D,,2026-08-16,Pendiente de relevar.
Las Mercedes,Monoambiente,Tradicional (sin muebles),USD/mes,,,D,,2026-08-16,Pendiente de relevar.
Las Mercedes,Monoambiente,Amoblado (largo plazo),USD/mes,,,D,,2026-08-16,Pendiente de relevar.
Las Mercedes,1 dormitorio,Airbnb / temporal,USD/noche,,,D,,2026-08-16,Pendiente de relevar.
Las Mercedes,1 dormitorio,Tradicional (sin muebles),USD/mes,,,D,,2026-08-16,Pendiente de relevar.
Las Mercedes,1 dormitorio,Amoblado (largo plazo),USD/mes,,,D,,2026-08-16,Pendiente de relevar.
Las Mercedes,2 dormitorios,Airbnb / temporal,USD/noche,,,D,,2026-08-16,Pendiente de relevar.
Las Mercedes,2 dormitorios,Tradicional (sin muebles),USD/mes,,,D,,2026-08-16,Pendiente de relevar.
Las Mercedes,2 dormitorios,Amoblado (largo plazo),USD/mes,,,D,,2026-08-16,Pendiente de relevar.
Las Mercedes,3 dormitorios,Airbnb / temporal,USD/noche,,,D,,2026-08-16,Pendiente de relevar.
Las Mercedes,3 dormitorios,Tradicional (sin muebles),USD/mes,,,D,,2026-08-16,Pendiente de relevar.
Las Mercedes,3 dormitorios,Amoblado (largo plazo),USD/mes,,,D,,2026-08-16,Pendiente de relevar.
Mcal. López,Monoambiente,Airbnb / temporal,USD/noche,,,D,,2026-08-16,Pendiente de relevar.
Mcal. López,Monoambiente,Tradicional (sin muebles),USD/mes,,,D,,2026-08-16,Pendiente de relevar.
Mcal. López,Monoambiente,Amoblado (largo plazo),USD/mes,,,D,,2026-08-16,Pendiente de relevar.
Mcal. López,1 dormitorio,Airbnb / temporal,USD/noche,,,D,,2026-08-16,Pendiente de relevar.
Mcal. López,1 dormitorio,Tradicional (sin muebles),USD/mes,,,D,,2026-08-16,Pendiente de relevar.
Mcal. López,1 dormitorio,Amoblado (largo plazo),USD/mes,,,D,,2026-08-16,Pendiente de relevar.
Mcal. López,2 dormitorios,Airbnb / temporal,USD/noche,,,D,,2026-08-16,Pendiente de relevar.
Mcal. López,2 dormitorios,Tradicional (sin muebles),USD/mes,,,D,,2026-08-16,Pendiente de relevar.
Mcal. López,2 dormitorios,Amoblado (largo plazo),USD/mes,,,D,,2026-08-16,Pendiente de relevar.
Mcal. López,3 dormitorios,Airbnb / temporal,USD/noche,,,D,,2026-08-16,Pendiente de relevar.
Mcal. López,3 dormitorios,Tradicional (sin muebles),USD/mes,,,D,,2026-08-16,Pendiente de relevar.
Mcal. López,3 dormitorios,Amoblado (largo plazo),USD/mes,,,D,,2026-08-16,Pendiente de relevar.
Manorá,Monoambiente,Airbnb / temporal,USD/noche,,,D,,2026-08-16,Pendiente de relevar.
Manorá,Monoambiente,Tradicional (sin muebles),USD/mes,,,D,,2026-08-16,Pendiente de relevar.
Manorá,Monoambiente,Amoblado (largo plazo),USD/mes,,,D,,2026-08-16,Pendiente de relevar.
Manorá,1 dormitorio,Airbnb / temporal,USD/noche,,,D,,2026-08-16,Pendiente de relevar.
Manorá,1 dormitorio,Tradicional (sin muebles),USD/mes,,,D,,2026-08-16,Pendiente de relevar.
Manorá,1 dormitorio,Amoblado (largo plazo),USD/mes,,,D,,2026-08-16,Pendiente de relevar.
Manorá,2 dormitorios,Airbnb / temporal,USD/noche,,,D,,2026-08-16,Pendiente de relevar.
Manorá,2 dormitorios,Tradicional (sin muebles),USD/mes,,,D,,2026-08-16,Pendiente de relevar.
Manorá,2 dormitorios,Amoblado (largo plazo),USD/mes,,,D,,2026-08-16,Pendiente de relevar.
Manorá,3 dormitorios,Airbnb / temporal,USD/noche,,,D,,2026-08-16,Pendiente de relevar.
Manorá,3 dormitorios,Tradicional (sin muebles),USD/mes,,,D,,2026-08-16,Pendiente de relevar.
Manorá,3 dormitorios,Amoblado (largo plazo),USD/mes,,,D,,2026-08-16,Pendiente de relevar.
Ita Pyta Punta,Monoambiente,Airbnb / temporal,USD/noche,,,D,,2026-08-16,Pendiente de relevar.
Ita Pyta Punta,Monoambiente,Tradicional (sin muebles),USD/mes,,,D,,2026-08-16,Pendiente de relevar.
Ita Pyta Punta,Monoambiente,Amoblado (largo plazo),USD/mes,,,D,,2026-08-16,Pendiente de relevar.
Ita Pyta Punta,1 dormitorio,Airbnb / temporal,USD/noche,,,D,,2026-08-16,Pendiente de relevar.
Ita Pyta Punta,1 dormitorio,Tradicional (sin muebles),USD/mes,,,D,,2026-08-16,Pendiente de relevar.
Ita Pyta Punta,1 dormitorio,Amoblado (largo plazo),USD/mes,,,D,,2026-08-16,Pendiente de relevar.
Ita Pyta Punta,2 dormitorios,Airbnb / temporal,USD/noche,,,D,,2026-08-16,Pendiente de relevar.
Ita Pyta Punta,2 dormitorios,Tradicional (sin muebles),USD/mes,,,D,,2026-08-16,Pendiente de relevar.
Ita Pyta Punta,2 dormitorios,Amoblado (largo plazo),USD/mes,,,D,,2026-08-16,Pendiente de relevar.
Ita Pyta Punta,3 dormitorios,Airbnb / temporal,USD/noche,,,D,,2026-08-16,Pendiente de relevar.
Ita Pyta Punta,3 dormitorios,Tradicional (sin muebles),USD/mes,,,D,,2026-08-16,Pendiente de relevar.
Ita Pyta Punta,3 dormitorios,Amoblado (largo plazo),USD/mes,,,D,,2026-08-16,Pendiente de relevar.
San Antonio,Monoambiente,Airbnb / temporal,USD/noche,,,D,,2026-08-16,Pendiente de relevar.
San Antonio,Monoambiente,Tradicional (sin muebles),USD/mes,,,D,,2026-08-16,Pendiente de relevar.
San Antonio,Monoambiente,Amoblado (largo plazo),USD/mes,,,D,,2026-08-16,Pendiente de relevar.
San Antonio,1 dormitorio,Airbnb / temporal,USD/noche,,,D,,2026-08-16,Pendiente de relevar.
San Antonio,1 dormitorio,Tradicional (sin muebles),USD/mes,,,D,,2026-08-16,Pendiente de relevar.
San Antonio,1 dormitorio,Amoblado (largo plazo),USD/mes,,,D,,2026-08-16,Pendiente de relevar.
San Antonio,2 dormitorios,Airbnb / temporal,USD/noche,,,D,,2026-08-16,Pendiente de relevar.
San Antonio,2 dormitorios,Tradicional (sin muebles),USD/mes,,,D,,2026-08-16,Pendiente de relevar.
San Antonio,2 dormitorios,Amoblado (largo plazo),USD/mes,,,D,,2026-08-16,Pendiente de relevar.
San Antonio,3 dormitorios,Airbnb / temporal,USD/noche,,,D,,2026-08-16,Pendiente de relevar.
San Antonio,3 dormitorios,Tradicional (sin muebles),USD/mes,,,D,,2026-08-16,Pendiente de relevar.
San Antonio,3 dormitorios,Amoblado (largo plazo),USD/mes,,,D,,2026-08-16,Pendiente de relevar.
Catedral,Monoambiente,Airbnb / temporal,USD/noche,,,D,,2026-08-16,Pendiente de relevar.
Catedral,Monoambiente,Tradicional (sin muebles),USD/mes,,,D,,2026-08-16,Pendiente de relevar.
Catedral,Monoambiente,Amoblado (largo plazo),USD/mes,,,D,,2026-08-16,Pendiente de relevar.
Catedral,1 dormitorio,Airbnb / temporal,USD/noche,,,D,,2026-08-16,Pendiente de relevar.
Catedral,1 dormitorio,Tradicional (sin muebles),USD/mes,,,D,,2026-08-16,Pendiente de relevar.
Catedral,1 dormitorio,Amoblado (largo plazo),USD/mes,,,D,,2026-08-16,Pendiente de relevar.
Catedral,2 dormitorios,Airbnb / temporal,USD/noche,,,D,,2026-08-16,Pendiente de relevar.
Catedral,2 dormitorios,Tradicional (sin muebles),USD/mes,,,D,,2026-08-16,Pendiente de relevar.
Catedral,2 dormitorios,Amoblado (largo plazo),USD/mes,,,D,,2026-08-16,Pendiente de relevar.
Catedral,3 dormitorios,Airbnb / temporal,USD/noche,,,D,,2026-08-16,Pendiente de relevar.
Catedral,3 dormitorios,Tradicional (sin muebles),USD/mes,,,D,,2026-08-16,Pendiente de relevar.
Catedral,3 dormitorios,Amoblado (largo plazo),USD/mes,,,D,,2026-08-16,Pendiente de relevar.
San Roque,Monoambiente,Airbnb / temporal,USD/noche,,,D,,2026-08-16,Pendiente de relevar.
San Roque,Monoambiente,Tradicional (sin muebles),USD/mes,,,D,,2026-08-16,Pendiente de relevar.
San Roque,Monoambiente,Amoblado (largo plazo),USD/mes,,,D,,2026-08-16,Pendiente de relevar.
San Roque,1 dormitorio,Airbnb / temporal,USD/noche,,,D,,2026-08-16,Pendiente de relevar.
San Roque,1 dormitorio,Tradicional (sin muebles),USD/mes,,,D,,2026-08-16,Pendiente de relevar.
San Roque,1 dormitorio,Amoblado (largo plazo),USD/mes,,,D,,2026-08-16,Pendiente de relevar.
San Roque,2 dormitorios,Airbnb / temporal,USD/noche,,,D,,2026-08-16,Pendiente de relevar.
San Roque,2 dormitorios,Tradicional (sin muebles),USD/mes,,,D,,2026-08-16,Pendiente de relevar.
San Roque,2 dormitorios,Amoblado (largo plazo),USD/mes,,,D,,2026-08-16,Pendiente de relevar.
San Roque,3 dormitorios,Airbnb / temporal,USD/noche,,,D,,2026-08-16,Pendiente de relevar.
San Roque,3 dormitorios,Tradicional (sin muebles),USD/mes,,,D,,2026-08-16,Pendiente de relevar.
San Roque,3 dormitorios,Amoblado (largo plazo),USD/mes,,,D,,2026-08-16,Pendiente de relevar.
Villa Morra,Monoambiente,Airbnb / temporal,USD/noche,31,54,C,Airbnb (listados directos),2026-08-16,"Primer corte via busqueda web, 2026-08-15/16 — no es relevamiento exhaustivo ni tasacion profesional."
Villa Morra,Monoambiente,Tradicional (sin muebles),USD/mes,,,D,,2026-08-16,Pendiente de relevar.
Villa Morra,Monoambiente,Amoblado (largo plazo),USD/mes,500,800,C,InfoCasas,2026-08-16,"Primer corte via busqueda web, 2026-08-15/16 — no es relevamiento exhaustivo ni tasacion profesional."
Villa Morra,1 dormitorio,Airbnb / temporal,USD/noche,,,D,,2026-08-16,Pendiente de relevar.
Villa Morra,1 dormitorio,Tradicional (sin muebles),USD/mes,,,D,,2026-08-16,Pendiente de relevar.
Villa Morra,1 dormitorio,Amoblado (largo plazo),USD/mes,,,D,,2026-08-16,Pendiente de relevar.
Villa Morra,2 dormitorios,Airbnb / temporal,USD/noche,,,D,,2026-08-16,Pendiente de relevar.
Villa Morra,2 dormitorios,Tradicional (sin muebles),USD/mes,,,D,,2026-08-16,Pendiente de relevar.
Villa Morra,2 dormitorios,Amoblado (largo plazo),USD/mes,800,1800,C,InfoCasas,2026-08-16,"Primer corte via busqueda web, 2026-08-15/16 — no es relevamiento exhaustivo ni tasacion profesional."
Villa Morra,3 dormitorios,Airbnb / temporal,USD/noche,,,D,,2026-08-16,Pendiente de relevar.
Villa Morra,3 dormitorios,Tradicional (sin muebles),USD/mes,,,D,,2026-08-16,Pendiente de relevar.
Villa Morra,3 dormitorios,Amoblado (largo plazo),USD/mes,2000,3300,C,InfoCasas,2026-08-16,"Primer corte via busqueda web, 2026-08-15/16 — no es relevamiento exhaustivo ni tasacion profesional."
Ycua Satí,Monoambiente,Airbnb / temporal,USD/noche,,,D,,2026-08-16,Pendiente de relevar.
Ycua Satí,Monoambiente,Tradicional (sin muebles),USD/mes,,,D,,2026-08-16,Pendiente de relevar.
Ycua Satí,Monoambiente,Amoblado (largo plazo),USD/mes,,,D,,2026-08-16,Pendiente de relevar.
Ycua Satí,1 dormitorio,Airbnb / temporal,USD/noche,,,D,,2026-08-16,Pendiente de relevar.
Ycua Satí,1 dormitorio,Tradicional (sin muebles),USD/mes,,,D,,2026-08-16,Pendiente de relevar.
Ycua Satí,1 dormitorio,Amoblado (largo plazo),USD/mes,,,D,,2026-08-16,Pendiente de relevar.
Ycua Satí,2 dormitorios,Airbnb / temporal,USD/noche,,,D,,2026-08-16,Pendiente de relevar.
Ycua Satí,2 dormitorios,Tradicional (sin muebles),USD/mes,,,D,,2026-08-16,Pendiente de relevar.
Ycua Satí,2 dormitorios,Amoblado (largo plazo),USD/mes,,,D,,2026-08-16,Pendiente de relevar.
Ycua Satí,3 dormitorios,Airbnb / temporal,USD/noche,,,D,,2026-08-16,Pendiente de relevar.
Ycua Satí,3 dormitorios,Tradicional (sin muebles),USD/mes,,,D,,2026-08-16,Pendiente de relevar.
Ycua Satí,3 dormitorios,Amoblado (largo plazo),USD/mes,,,D,,2026-08-16,Pendiente de relevar.
San Cristóbal,Monoambiente,Airbnb / temporal,USD/noche,,,D,,2026-08-16,Pendiente de relevar.
San Cristóbal,Monoambiente,Tradicional (sin muebles),USD/mes,,,D,,2026-08-16,Pendiente de relevar.
San Cristóbal,Monoambiente,Amoblado (largo plazo),USD/mes,,,D,,2026-08-16,Pendiente de relevar.
San Cristóbal,1 dormitorio,Airbnb / temporal,USD/noche,,,D,,2026-08-16,Pendiente de relevar.
San Cristóbal,1 dormitorio,Tradicional (sin muebles),USD/mes,,,D,,2026-08-16,Pendiente de relevar.
San Cristóbal,1 dormitorio,Amoblado (largo plazo),USD/mes,,,D,,2026-08-16,Pendiente de relevar.
San Cristóbal,2 dormitorios,Airbnb / temporal,USD/noche,,,D,,2026-08-16,Pendiente de relevar.
San Cristóbal,2 dormitorios,Tradicional (sin muebles),USD/mes,,,D,,2026-08-16,Pendiente de relevar.
San Cristóbal,2 dormitorios,Amoblado (largo plazo),USD/mes,,,D,,2026-08-16,Pendiente de relevar.
San Cristóbal,3 dormitorios,Airbnb / temporal,USD/noche,,,D,,2026-08-16,Pendiente de relevar.
San Cristóbal,3 dormitorios,Tradicional (sin muebles),USD/mes,,,D,,2026-08-16,Pendiente de relevar.
San Cristóbal,3 dormitorios,Amoblado (largo plazo),USD/mes,,,D,,2026-08-16,Pendiente de relevar.
Ytay,Monoambiente,Airbnb / temporal,USD/noche,,,D,,2026-08-16,Pendiente de relevar.
Ytay,Monoambiente,Tradicional (sin muebles),USD/mes,,,D,,2026-08-16,Pendiente de relevar.
Ytay,Monoambiente,Amoblado (largo plazo),USD/mes,,,D,,2026-08-16,Pendiente de relevar.
Ytay,1 dormitorio,Airbnb / temporal,USD/noche,,,D,,2026-08-16,Pendiente de relevar.
Ytay,1 dormitorio,Tradicional (sin muebles),USD/mes,,,D,,2026-08-16,Pendiente de relevar.
Ytay,1 dormitorio,Amoblado (largo plazo),USD/mes,,,D,,2026-08-16,Pendiente de relevar.
Ytay,2 dormitorios,Airbnb / temporal,USD/noche,,,D,,2026-08-16,Pendiente de relevar.
Ytay,2 dormitorios,Tradicional (sin muebles),USD/mes,,,D,,2026-08-16,Pendiente de relevar.
Ytay,2 dormitorios,Amoblado (largo plazo),USD/mes,,,D,,2026-08-16,Pendiente de relevar.
Ytay,3 dormitorios,Airbnb / temporal,USD/noche,,,D,,2026-08-16,Pendiente de relevar.
Ytay,3 dormitorios,Tradicional (sin muebles),USD/mes,,,D,,2026-08-16,Pendiente de relevar.
Ytay,3 dormitorios,Amoblado (largo plazo),USD/mes,,,D,,2026-08-16,Pendiente de relevar.
Carlos Antonio López,Monoambiente,Airbnb / temporal,USD/noche,,,D,,2026-08-16,Pendiente de relevar.
Carlos Antonio López,Monoambiente,Tradicional (sin muebles),USD/mes,,,D,,2026-08-16,Pendiente de relevar.
Carlos Antonio López,Monoambiente,Amoblado (largo plazo),USD/mes,,,D,,2026-08-16,Pendiente de relevar.
Carlos Antonio López,1 dormitorio,Airbnb / temporal,USD/noche,,,D,,2026-08-16,Pendiente de relevar.
Carlos Antonio López,1 dormitorio,Tradicional (sin muebles),USD/mes,,,D,,2026-08-16,Pendiente de relevar.
Carlos Antonio López,1 dormitorio,Amoblado (largo plazo),USD/mes,,,D,,2026-08-16,Pendiente de relevar.
Carlos Antonio López,2 dormitorios,Airbnb / temporal,USD/noche,,,D,,2026-08-16,Pendiente de relevar.
Carlos Antonio López,2 dormitorios,Tradicional (sin muebles),USD/mes,,,D,,2026-08-16,Pendiente de relevar.
Carlos Antonio López,2 dormitorios,Amoblado (largo plazo),USD/mes,,,D,,2026-08-16,Pendiente de relevar.
Carlos Antonio López,3 dormitorios,Airbnb / temporal,USD/noche,,,D,,2026-08-16,Pendiente de relevar.
Carlos Antonio López,3 dormitorios,Tradicional (sin muebles),USD/mes,,,D,,2026-08-16,Pendiente de relevar.
Carlos Antonio López,3 dormitorios,Amoblado (largo plazo),USD/mes,,,D,,2026-08-16,Pendiente de relevar.
Gral. Díaz,Monoambiente,Airbnb / temporal,USD/noche,,,D,,2026-08-16,Pendiente de relevar.
Gral. Díaz,Monoambiente,Tradicional (sin muebles),USD/mes,,,D,,2026-08-16,Pendiente de relevar.
Gral. Díaz,Monoambiente,Amoblado (largo plazo),USD/mes,,,D,,2026-08-16,Pendiente de relevar.
Gral. Díaz,1 dormitorio,Airbnb / temporal,USD/noche,,,D,,2026-08-16,Pendiente de relevar.
Gral. Díaz,1 dormitorio,Tradicional (sin muebles),USD/mes,,,D,,2026-08-16,Pendiente de relevar.
Gral. Díaz,1 dormitorio,Amoblado (largo plazo),USD/mes,,,D,,2026-08-16,Pendiente de relevar.
Gral. Díaz,2 dormitorios,Airbnb / temporal,USD/noche,,,D,,2026-08-16,Pendiente de relevar.
Gral. Díaz,2 dormitorios,Tradicional (sin muebles),USD/mes,,,D,,2026-08-16,Pendiente de relevar.
Gral. Díaz,2 dormitorios,Amoblado (largo plazo),USD/mes,,,D,,2026-08-16,Pendiente de relevar.
Gral. Díaz,3 dormitorios,Airbnb / temporal,USD/noche,,,D,,2026-08-16,Pendiente de relevar.
Gral. Díaz,3 dormitorios,Tradicional (sin muebles),USD/mes,,,D,,2026-08-16,Pendiente de relevar.
Gral. Díaz,3 dormitorios,Amoblado (largo plazo),USD/mes,,,D,,2026-08-16,Pendiente de relevar.
Ciudad Nueva,Monoambiente,Airbnb / temporal,USD/noche,,,D,,2026-08-16,Pendiente de relevar.
Ciudad Nueva,Monoambiente,Tradicional (sin muebles),USD/mes,,,D,,2026-08-16,Pendiente de relevar.
Ciudad Nueva,Monoambiente,Amoblado (largo plazo),USD/mes,,,D,,2026-08-16,Pendiente de relevar.
Ciudad Nueva,1 dormitorio,Airbnb / temporal,USD/noche,,,D,,2026-08-16,Pendiente de relevar.
Ciudad Nueva,1 dormitorio,Tradicional (sin muebles),USD/mes,,,D,,2026-08-16,Pendiente de relevar.
Ciudad Nueva,1 dormitorio,Amoblado (largo plazo),USD/mes,,,D,,2026-08-16,Pendiente de relevar.
Ciudad Nueva,2 dormitorios,Airbnb / temporal,USD/noche,,,D,,2026-08-16,Pendiente de relevar.
Ciudad Nueva,2 dormitorios,Tradicional (sin muebles),USD/mes,,,D,,2026-08-16,Pendiente de relevar.
Ciudad Nueva,2 dormitorios,Amoblado (largo plazo),USD/mes,,,D,,2026-08-16,Pendiente de relevar.
Ciudad Nueva,3 dormitorios,Airbnb / temporal,USD/noche,,,D,,2026-08-16,Pendiente de relevar.
Ciudad Nueva,3 dormitorios,Tradicional (sin muebles),USD/mes,,,D,,2026-08-16,Pendiente de relevar.
Ciudad Nueva,3 dormitorios,Amoblado (largo plazo),USD/mes,,,D,,2026-08-16,Pendiente de relevar.
Bernardino Caballero,Monoambiente,Airbnb / temporal,USD/noche,,,D,,2026-08-16,Pendiente de relevar.
Bernardino Caballero,Monoambiente,Tradicional (sin muebles),USD/mes,,,D,,2026-08-16,Pendiente de relevar.
Bernardino Caballero,Monoambiente,Amoblado (largo plazo),USD/mes,,,D,,2026-08-16,Pendiente de relevar.
Bernardino Caballero,1 dormitorio,Airbnb / temporal,USD/noche,,,D,,2026-08-16,Pendiente de relevar.
Bernardino Caballero,1 dormitorio,Tradicional (sin muebles),USD/mes,,,D,,2026-08-16,Pendiente de relevar.
Bernardino Caballero,1 dormitorio,Amoblado (largo plazo),USD/mes,,,D,,2026-08-16,Pendiente de relevar.
Bernardino Caballero,2 dormitorios,Airbnb / temporal,USD/noche,,,D,,2026-08-16,Pendiente de relevar.
Bernardino Caballero,2 dormitorios,Tradicional (sin muebles),USD/mes,,,D,,2026-08-16,Pendiente de relevar.
Bernardino Caballero,2 dormitorios,Amoblado (largo plazo),USD/mes,,,D,,2026-08-16,Pendiente de relevar.
Bernardino Caballero,3 dormitorios,Airbnb / temporal,USD/noche,,,D,,2026-08-16,Pendiente de relevar.
Bernardino Caballero,3 dormitorios,Tradicional (sin muebles),USD/mes,,,D,,2026-08-16,Pendiente de relevar.
Bernardino Caballero,3 dormitorios,Amoblado (largo plazo),USD/mes,,,D,,2026-08-16,Pendiente de relevar.
Mburicaó,Monoambiente,Airbnb / temporal,USD/noche,,,D,,2026-08-16,Pendiente de relevar.
Mburicaó,Monoambiente,Tradicional (sin muebles),USD/mes,,,D,,2026-08-16,Pendiente de relevar.
Mburicaó,Monoambiente,Amoblado (largo plazo),USD/mes,,,D,,2026-08-16,Pendiente de relevar.
Mburicaó,1 dormitorio,Airbnb / temporal,USD/noche,,,D,,2026-08-16,Pendiente de relevar.
Mburicaó,1 dormitorio,Tradicional (sin muebles),USD/mes,,,D,,2026-08-16,Pendiente de relevar.
Mburicaó,1 dormitorio,Amoblado (largo plazo),USD/mes,,,D,,2026-08-16,Pendiente de relevar.
Mburicaó,2 dormitorios,Airbnb / temporal,USD/noche,,,D,,2026-08-16,Pendiente de relevar.
Mburicaó,2 dormitorios,Tradicional (sin muebles),USD/mes,,,D,,2026-08-16,Pendiente de relevar.
Mburicaó,2 dormitorios,Amoblado (largo plazo),USD/mes,,,D,,2026-08-16,Pendiente de relevar.
Mburicaó,3 dormitorios,Airbnb / temporal,USD/noche,,,D,,2026-08-16,Pendiente de relevar.
Mburicaó,3 dormitorios,Tradicional (sin muebles),USD/mes,,,D,,2026-08-16,Pendiente de relevar.
Mburicaó,3 dormitorios,Amoblado (largo plazo),USD/mes,,,D,,2026-08-16,Pendiente de relevar.
Recoleta,Monoambiente,Airbnb / temporal,USD/noche,,,D,,2026-08-16,Pendiente de relevar.
Recoleta,Monoambiente,Tradicional (sin muebles),USD/mes,,,D,,2026-08-16,Pendiente de relevar.
Recoleta,Monoambiente,Amoblado (largo plazo),USD/mes,,,D,,2026-08-16,Pendiente de relevar.
Recoleta,1 dormitorio,Airbnb / temporal,USD/noche,,,D,,2026-08-16,Pendiente de relevar.
Recoleta,1 dormitorio,Tradicional (sin muebles),USD/mes,,,D,,2026-08-16,Pendiente de relevar.
Recoleta,1 dormitorio,Amoblado (largo plazo),USD/mes,650,650,C,InfoCasas — a metros de Shopping del Sol,2026-08-16,"Primer corte via busqueda web, 2026-08-15/16 — no es relevamiento exhaustivo ni tasacion profesional."
Recoleta,2 dormitorios,Airbnb / temporal,USD/noche,,,D,,2026-08-16,Pendiente de relevar.
Recoleta,2 dormitorios,Tradicional (sin muebles),USD/mes,,,D,,2026-08-16,Pendiente de relevar.
Recoleta,2 dormitorios,Amoblado (largo plazo),USD/mes,,,D,,2026-08-16,Pendiente de relevar.
Recoleta,3 dormitorios,Airbnb / temporal,USD/noche,,,D,,2026-08-16,Pendiente de relevar.
Recoleta,3 dormitorios,Tradicional (sin muebles),USD/mes,,,D,,2026-08-16,Pendiente de relevar.
Recoleta,3 dormitorios,Amoblado (largo plazo),USD/mes,2700,2700,C,InfoCasas — a metros de Shopping del Sol,2026-08-16,"Primer corte via busqueda web, 2026-08-15/16 — no es relevamiento exhaustivo ni tasacion profesional."
Luis A. de Herrera,Monoambiente,Airbnb / temporal,USD/noche,,,D,,2026-08-16,Pendiente de relevar.
Luis A. de Herrera,Monoambiente,Tradicional (sin muebles),USD/mes,,,D,,2026-08-16,Pendiente de relevar.
Luis A. de Herrera,Monoambiente,Amoblado (largo plazo),USD/mes,,,D,,2026-08-16,Pendiente de relevar.
Luis A. de Herrera,1 dormitorio,Airbnb / temporal,USD/noche,,,D,,2026-08-16,Pendiente de relevar.
Luis A. de Herrera,1 dormitorio,Tradicional (sin muebles),USD/mes,560,560,C,InfoCasas,2026-08-16,"Primer corte via busqueda web, 2026-08-15/16 — no es relevamiento exhaustivo ni tasacion profesional."
Luis A. de Herrera,1 dormitorio,Amoblado (largo plazo),USD/mes,650,700,C,InfoCasas / RE/MAX,2026-08-16,"Primer corte via busqueda web, 2026-08-15/16 — no es relevamiento exhaustivo ni tasacion profesional."
Luis A. de Herrera,2 dormitorios,Airbnb / temporal,USD/noche,,,D,,2026-08-16,Pendiente de relevar.
Luis A. de Herrera,2 dormitorios,Tradicional (sin muebles),USD/mes,700,700,C,InfoCasas,2026-08-16,"Primer corte via busqueda web, 2026-08-15/16 — no es relevamiento exhaustivo ni tasacion profesional."
Luis A. de Herrera,2 dormitorios,Amoblado (largo plazo),USD/mes,,,D,,2026-08-16,Pendiente de relevar.
Luis A. de Herrera,3 dormitorios,Airbnb / temporal,USD/noche,,,D,,2026-08-16,Pendiente de relevar.
Luis A. de Herrera,3 dormitorios,Tradicional (sin muebles),USD/mes,,,D,,2026-08-16,Pendiente de relevar.
Luis A. de Herrera,3 dormitorios,Amoblado (largo plazo),USD/mes,1100,1400,C,InfoCasas / MercadoProp / Red Exclusivos,2026-08-16,"Primer corte via busqueda web, 2026-08-15/16 — no es relevamiento exhaustivo ni tasacion profesional."
Santa María,Monoambiente,Airbnb / temporal,USD/noche,,,D,,2026-08-16,Pendiente de relevar.
Santa María,Monoambiente,Tradicional (sin muebles),USD/mes,,,D,,2026-08-16,Pendiente de relevar.
Santa María,Monoambiente,Amoblado (largo plazo),USD/mes,,,D,,2026-08-16,Pendiente de relevar.
Santa María,1 dormitorio,Airbnb / temporal,USD/noche,,,D,,2026-08-16,Pendiente de relevar.
Santa María,1 dormitorio,Tradicional (sin muebles),USD/mes,,,D,,2026-08-16,Pendiente de relevar.
Santa María,1 dormitorio,Amoblado (largo plazo),USD/mes,,,D,,2026-08-16,Pendiente de relevar.
Santa María,2 dormitorios,Airbnb / temporal,USD/noche,,,D,,2026-08-16,Pendiente de relevar.
Santa María,2 dormitorios,Tradicional (sin muebles),USD/mes,,,D,,2026-08-16,Pendiente de relevar.
Santa María,2 dormitorios,Amoblado (largo plazo),USD/mes,,,D,,2026-08-16,Pendiente de relevar.
Santa María,3 dormitorios,Airbnb / temporal,USD/noche,,,D,,2026-08-16,Pendiente de relevar.
Santa María,3 dormitorios,Tradicional (sin muebles),USD/mes,,,D,,2026-08-16,Pendiente de relevar.
Santa María,3 dormitorios,Amoblado (largo plazo),USD/mes,,,D,,2026-08-16,Pendiente de relevar.
Sajonia,Monoambiente,Airbnb / temporal,USD/noche,,,D,,2026-08-16,Pendiente de relevar.
Sajonia,Monoambiente,Tradicional (sin muebles),USD/mes,,,D,,2026-08-16,Pendiente de relevar.
Sajonia,Monoambiente,Amoblado (largo plazo),USD/mes,,,D,,2026-08-16,Pendiente de relevar.
Sajonia,1 dormitorio,Airbnb / temporal,USD/noche,,,D,,2026-08-16,Pendiente de relevar.
Sajonia,1 dormitorio,Tradicional (sin muebles),USD/mes,,,D,,2026-08-16,Pendiente de relevar.
Sajonia,1 dormitorio,Amoblado (largo plazo),USD/mes,,,D,,2026-08-16,Pendiente de relevar.
Sajonia,2 dormitorios,Airbnb / temporal,USD/noche,,,D,,2026-08-16,Pendiente de relevar.
Sajonia,2 dormitorios,Tradicional (sin muebles),USD/mes,,,D,,2026-08-16,Pendiente de relevar.
Sajonia,2 dormitorios,Amoblado (largo plazo),USD/mes,,,D,,2026-08-16,Pendiente de relevar.
Sajonia,3 dormitorios,Airbnb / temporal,USD/noche,,,D,,2026-08-16,Pendiente de relevar.
Sajonia,3 dormitorios,Tradicional (sin muebles),USD/mes,,,D,,2026-08-16,Pendiente de relevar.
Sajonia,3 dormitorios,Amoblado (largo plazo),USD/mes,,,D,,2026-08-16,Pendiente de relevar.
Tacumbú,Monoambiente,Airbnb / temporal,USD/noche,,,D,,2026-08-16,Pendiente de relevar.
Tacumbú,Monoambiente,Tradicional (sin muebles),USD/mes,,,D,,2026-08-16,Pendiente de relevar.
Tacumbú,Monoambiente,Amoblado (largo plazo),USD/mes,,,D,,2026-08-16,Pendiente de relevar.
Tacumbú,1 dormitorio,Airbnb / temporal,USD/noche,,,D,,2026-08-16,Pendiente de relevar.
Tacumbú,1 dormitorio,Tradicional (sin muebles),USD/mes,,,D,,2026-08-16,Pendiente de relevar.
Tacumbú,1 dormitorio,Amoblado (largo plazo),USD/mes,,,D,,2026-08-16,Pendiente de relevar.
Tacumbú,2 dormitorios,Airbnb / temporal,USD/noche,,,D,,2026-08-16,Pendiente de relevar.
Tacumbú,2 dormitorios,Tradicional (sin muebles),USD/mes,,,D,,2026-08-16,Pendiente de relevar.
Tacumbú,2 dormitorios,Amoblado (largo plazo),USD/mes,,,D,,2026-08-16,Pendiente de relevar.
Tacumbú,3 dormitorios,Airbnb / temporal,USD/noche,,,D,,2026-08-16,Pendiente de relevar.
Tacumbú,3 dormitorios,Tradicional (sin muebles),USD/mes,,,D,,2026-08-16,Pendiente de relevar.
Tacumbú,3 dormitorios,Amoblado (largo plazo),USD/mes,,,D,,2026-08-16,Pendiente de relevar.
Pettirossi,Monoambiente,Airbnb / temporal,USD/noche,,,D,,2026-08-16,Pendiente de relevar.
Pettirossi,Monoambiente,Tradicional (sin muebles),USD/mes,,,D,,2026-08-16,Pendiente de relevar.
Pettirossi,Monoambiente,Amoblado (largo plazo),USD/mes,,,D,,2026-08-16,Pendiente de relevar.
Pettirossi,1 dormitorio,Airbnb / temporal,USD/noche,,,D,,2026-08-16,Pendiente de relevar.
Pettirossi,1 dormitorio,Tradicional (sin muebles),USD/mes,,,D,,2026-08-16,Pendiente de relevar.
Pettirossi,1 dormitorio,Amoblado (largo plazo),USD/mes,,,D,,2026-08-16,Pendiente de relevar.
Pettirossi,2 dormitorios,Airbnb / temporal,USD/noche,,,D,,2026-08-16,Pendiente de relevar.
Pettirossi,2 dormitorios,Tradicional (sin muebles),USD/mes,,,D,,2026-08-16,Pendiente de relevar.
Pettirossi,2 dormitorios,Amoblado (largo plazo),USD/mes,,,D,,2026-08-16,Pendiente de relevar.
Pettirossi,3 dormitorios,Airbnb / temporal,USD/noche,,,D,,2026-08-16,Pendiente de relevar.
Pettirossi,3 dormitorios,Tradicional (sin muebles),USD/mes,,,D,,2026-08-16,Pendiente de relevar.
Pettirossi,3 dormitorios,Amoblado (largo plazo),USD/mes,,,D,,2026-08-16,Pendiente de relevar.
Pinozá,Monoambiente,Airbnb / temporal,USD/noche,,,D,,2026-08-16,Pendiente de relevar.
Pinozá,Monoambiente,Tradicional (sin muebles),USD/mes,,,D,,2026-08-16,Pendiente de relevar.
Pinozá,Monoambiente,Amoblado (largo plazo),USD/mes,,,D,,2026-08-16,Pendiente de relevar.
Pinozá,1 dormitorio,Airbnb / temporal,USD/noche,,,D,,2026-08-16,Pendiente de relevar.
Pinozá,1 dormitorio,Tradicional (sin muebles),USD/mes,,,D,,2026-08-16,Pendiente de relevar.
Pinozá,1 dormitorio,Amoblado (largo plazo),USD/mes,,,D,,2026-08-16,Pendiente de relevar.
Pinozá,2 dormitorios,Airbnb / temporal,USD/noche,,,D,,2026-08-16,Pendiente de relevar.
Pinozá,2 dormitorios,Tradicional (sin muebles),USD/mes,,,D,,2026-08-16,Pendiente de relevar.
Pinozá,2 dormitorios,Amoblado (largo plazo),USD/mes,,,D,,2026-08-16,Pendiente de relevar.
Pinozá,3 dormitorios,Airbnb / temporal,USD/noche,,,D,,2026-08-16,Pendiente de relevar.
Pinozá,3 dormitorios,Tradicional (sin muebles),USD/mes,,,D,,2026-08-16,Pendiente de relevar.
Pinozá,3 dormitorios,Amoblado (largo plazo),USD/mes,,,D,,2026-08-16,Pendiente de relevar.
Tembetary,Monoambiente,Airbnb / temporal,USD/noche,,,D,,2026-08-16,Pendiente de relevar.
Tembetary,Monoambiente,Tradicional (sin muebles),USD/mes,,,D,,2026-08-16,Pendiente de relevar.
Tembetary,Monoambiente,Amoblado (largo plazo),USD/mes,,,D,,2026-08-16,Pendiente de relevar.
Tembetary,1 dormitorio,Airbnb / temporal,USD/noche,,,D,,2026-08-16,Pendiente de relevar.
Tembetary,1 dormitorio,Tradicional (sin muebles),USD/mes,,,D,,2026-08-16,Pendiente de relevar.
Tembetary,1 dormitorio,Amoblado (largo plazo),USD/mes,,,D,,2026-08-16,Pendiente de relevar.
Tembetary,2 dormitorios,Airbnb / temporal,USD/noche,,,D,,2026-08-16,Pendiente de relevar.
Tembetary,2 dormitorios,Tradicional (sin muebles),USD/mes,,,D,,2026-08-16,Pendiente de relevar.
Tembetary,2 dormitorios,Amoblado (largo plazo),USD/mes,,,D,,2026-08-16,Pendiente de relevar.
Tembetary,3 dormitorios,Airbnb / temporal,USD/noche,,,D,,2026-08-16,Pendiente de relevar.
Tembetary,3 dormitorios,Tradicional (sin muebles),USD/mes,,,D,,2026-08-16,Pendiente de relevar.
Tembetary,3 dormitorios,Amoblado (largo plazo),USD/mes,,,D,,2026-08-16,Pendiente de relevar.
Mcal. Estigarribia,Monoambiente,Airbnb / temporal,USD/noche,,,D,,2026-08-16,Pendiente de relevar.
Mcal. Estigarribia,Monoambiente,Tradicional (sin muebles),USD/mes,,,D,,2026-08-16,Pendiente de relevar.
Mcal. Estigarribia,Monoambiente,Amoblado (largo plazo),USD/mes,,,D,,2026-08-16,Pendiente de relevar.
Mcal. Estigarribia,1 dormitorio,Airbnb / temporal,USD/noche,,,D,,2026-08-16,Pendiente de relevar.
Mcal. Estigarribia,1 dormitorio,Tradicional (sin muebles),USD/mes,,,D,,2026-08-16,Pendiente de relevar.
Mcal. Estigarribia,1 dormitorio,Amoblado (largo plazo),USD/mes,,,D,,2026-08-16,Pendiente de relevar.
Mcal. Estigarribia,2 dormitorios,Airbnb / temporal,USD/noche,,,D,,2026-08-16,Pendiente de relevar.
Mcal. Estigarribia,2 dormitorios,Tradicional (sin muebles),USD/mes,,,D,,2026-08-16,Pendiente de relevar.
Mcal. Estigarribia,2 dormitorios,Amoblado (largo plazo),USD/mes,,,D,,2026-08-16,Pendiente de relevar.
Mcal. Estigarribia,3 dormitorios,Airbnb / temporal,USD/noche,,,D,,2026-08-16,Pendiente de relevar.
Mcal. Estigarribia,3 dormitorios,Tradicional (sin muebles),USD/mes,,,D,,2026-08-16,Pendiente de relevar.
Mcal. Estigarribia,3 dormitorios,Amoblado (largo plazo),USD/mes,,,D,,2026-08-16,Pendiente de relevar.
Obrero,Monoambiente,Airbnb / temporal,USD/noche,,,D,,2026-08-16,Pendiente de relevar.
Obrero,Monoambiente,Tradicional (sin muebles),USD/mes,,,D,,2026-08-16,Pendiente de relevar.
Obrero,Monoambiente,Amoblado (largo plazo),USD/mes,,,D,,2026-08-16,Pendiente de relevar.
Obrero,1 dormitorio,Airbnb / temporal,USD/noche,,,D,,2026-08-16,Pendiente de relevar.
Obrero,1 dormitorio,Tradicional (sin muebles),USD/mes,,,D,,2026-08-16,Pendiente de relevar.
Obrero,1 dormitorio,Amoblado (largo plazo),USD/mes,,,D,,2026-08-16,Pendiente de relevar.
Obrero,2 dormitorios,Airbnb / temporal,USD/noche,,,D,,2026-08-16,Pendiente de relevar.
Obrero,2 dormitorios,Tradicional (sin muebles),USD/mes,,,D,,2026-08-16,Pendiente de relevar.
Obrero,2 dormitorios,Amoblado (largo plazo),USD/mes,,,D,,2026-08-16,Pendiente de relevar.
Obrero,3 dormitorios,Airbnb / temporal,USD/noche,,,D,,2026-08-16,Pendiente de relevar.
Obrero,3 dormitorios,Tradicional (sin muebles),USD/mes,,,D,,2026-08-16,Pendiente de relevar.
Obrero,3 dormitorios,Amoblado (largo plazo),USD/mes,,,D,,2026-08-16,Pendiente de relevar.
Vista Alegre,Monoambiente,Airbnb / temporal,USD/noche,,,D,,2026-08-16,Pendiente de relevar.
Vista Alegre,Monoambiente,Tradicional (sin muebles),USD/mes,,,D,,2026-08-16,Pendiente de relevar.
Vista Alegre,Monoambiente,Amoblado (largo plazo),USD/mes,,,D,,2026-08-16,Pendiente de relevar.
Vista Alegre,1 dormitorio,Airbnb / temporal,USD/noche,,,D,,2026-08-16,Pendiente de relevar.
Vista Alegre,1 dormitorio,Tradicional (sin muebles),USD/mes,,,D,,2026-08-16,Pendiente de relevar.
Vista Alegre,1 dormitorio,Amoblado (largo plazo),USD/mes,,,D,,2026-08-16,Pendiente de relevar.
Vista Alegre,2 dormitorios,Airbnb / temporal,USD/noche,,,D,,2026-08-16,Pendiente de relevar.
Vista Alegre,2 dormitorios,Tradicional (sin muebles),USD/mes,,,D,,2026-08-16,Pendiente de relevar.
Vista Alegre,2 dormitorios,Amoblado (largo plazo),USD/mes,,,D,,2026-08-16,Pendiente de relevar.
Vista Alegre,3 dormitorios,Airbnb / temporal,USD/noche,,,D,,2026-08-16,Pendiente de relevar.
Vista Alegre,3 dormitorios,Tradicional (sin muebles),USD/mes,,,D,,2026-08-16,Pendiente de relevar.
Vista Alegre,3 dormitorios,Amoblado (largo plazo),USD/mes,,,D,,2026-08-16,Pendiente de relevar.
Nazareth,Monoambiente,Airbnb / temporal,USD/noche,,,D,,2026-08-16,Pendiente de relevar.
Nazareth,Monoambiente,Tradicional (sin muebles),USD/mes,,,D,,2026-08-16,Pendiente de relevar.
Nazareth,Monoambiente,Amoblado (largo plazo),USD/mes,,,D,,2026-08-16,Pendiente de relevar.
Nazareth,1 dormitorio,Airbnb / temporal,USD/noche,,,D,,2026-08-16,Pendiente de relevar.
Nazareth,1 dormitorio,Tradicional (sin muebles),USD/mes,,,D,,2026-08-16,Pendiente de relevar.
Nazareth,1 dormitorio,Amoblado (largo plazo),USD/mes,,,D,,2026-08-16,Pendiente de relevar.
Nazareth,2 dormitorios,Airbnb / temporal,USD/noche,,,D,,2026-08-16,Pendiente de relevar.
Nazareth,2 dormitorios,Tradicional (sin muebles),USD/mes,,,D,,2026-08-16,Pendiente de relevar.
Nazareth,2 dormitorios,Amoblado (largo plazo),USD/mes,,,D,,2026-08-16,Pendiente de relevar.
Nazareth,3 dormitorios,Airbnb / temporal,USD/noche,,,D,,2026-08-16,Pendiente de relevar.
Nazareth,3 dormitorios,Tradicional (sin muebles),USD/mes,,,D,,2026-08-16,Pendiente de relevar.
Nazareth,3 dormitorios,Amoblado (largo plazo),USD/mes,,,D,,2026-08-16,Pendiente de relevar.
Los Laureles,Monoambiente,Airbnb / temporal,USD/noche,,,D,,2026-08-16,Pendiente de relevar.
Los Laureles,Monoambiente,Tradicional (sin muebles),USD/mes,,,D,,2026-08-16,Pendiente de relevar.
Los Laureles,Monoambiente,Amoblado (largo plazo),USD/mes,,,D,,2026-08-16,Pendiente de relevar.
Los Laureles,1 dormitorio,Airbnb / temporal,USD/noche,,,D,,2026-08-16,Pendiente de relevar.
Los Laureles,1 dormitorio,Tradicional (sin muebles),USD/mes,,,D,,2026-08-16,Pendiente de relevar.
Los Laureles,1 dormitorio,Amoblado (largo plazo),USD/mes,,,D,,2026-08-16,Pendiente de relevar.
Los Laureles,2 dormitorios,Airbnb / temporal,USD/noche,,,D,,2026-08-16,Pendiente de relevar.
Los Laureles,2 dormitorios,Tradicional (sin muebles),USD/mes,,,D,,2026-08-16,Pendiente de relevar.
Los Laureles,2 dormitorios,Amoblado (largo plazo),USD/mes,,,D,,2026-08-16,Pendiente de relevar.
Los Laureles,3 dormitorios,Airbnb / temporal,USD/noche,,,D,,2026-08-16,Pendiente de relevar.
Los Laureles,3 dormitorios,Tradicional (sin muebles),USD/mes,,,D,,2026-08-16,Pendiente de relevar.
Los Laureles,3 dormitorios,Amoblado (largo plazo),USD/mes,,,D,,2026-08-16,Pendiente de relevar.
Villa Aurelia,Monoambiente,Airbnb / temporal,USD/noche,,,D,,2026-08-16,Pendiente de relevar.
Villa Aurelia,Monoambiente,Tradicional (sin muebles),USD/mes,,,D,,2026-08-16,Pendiente de relevar.
Villa Aurelia,Monoambiente,Amoblado (largo plazo),USD/mes,,,D,,2026-08-16,Pendiente de relevar.
Villa Aurelia,1 dormitorio,Airbnb / temporal,USD/noche,,,D,,2026-08-16,Pendiente de relevar.
Villa Aurelia,1 dormitorio,Tradicional (sin muebles),USD/mes,,,D,,2026-08-16,Pendiente de relevar.
Villa Aurelia,1 dormitorio,Amoblado (largo plazo),USD/mes,,,D,,2026-08-16,Pendiente de relevar.
Villa Aurelia,2 dormitorios,Airbnb / temporal,USD/noche,,,D,,2026-08-16,Pendiente de relevar.
Villa Aurelia,2 dormitorios,Tradicional (sin muebles),USD/mes,,,D,,2026-08-16,Pendiente de relevar.
Villa Aurelia,2 dormitorios,Amoblado (largo plazo),USD/mes,,,D,,2026-08-16,Pendiente de relevar.
Villa Aurelia,3 dormitorios,Airbnb / temporal,USD/noche,,,D,,2026-08-16,Pendiente de relevar.
Villa Aurelia,3 dormitorios,Tradicional (sin muebles),USD/mes,,,D,,2026-08-16,Pendiente de relevar.
Villa Aurelia,3 dormitorios,Amoblado (largo plazo),USD/mes,,,D,,2026-08-16,Pendiente de relevar.
Roberto L. Petit,Monoambiente,Airbnb / temporal,USD/noche,,,D,,2026-08-16,Pendiente de relevar.
Roberto L. Petit,Monoambiente,Tradicional (sin muebles),USD/mes,,,D,,2026-08-16,Pendiente de relevar.
Roberto L. Petit,Monoambiente,Amoblado (largo plazo),USD/mes,,,D,,2026-08-16,Pendiente de relevar.
Roberto L. Petit,1 dormitorio,Airbnb / temporal,USD/noche,,,D,,2026-08-16,Pendiente de relevar.
Roberto L. Petit,1 dormitorio,Tradicional (sin muebles),USD/mes,,,D,,2026-08-16,Pendiente de relevar.
Roberto L. Petit,1 dormitorio,Amoblado (largo plazo),USD/mes,,,D,,2026-08-16,Pendiente de relevar.
Roberto L. Petit,2 dormitorios,Airbnb / temporal,USD/noche,,,D,,2026-08-16,Pendiente de relevar.
Roberto L. Petit,2 dormitorios,Tradicional (sin muebles),USD/mes,,,D,,2026-08-16,Pendiente de relevar.
Roberto L. Petit,2 dormitorios,Amoblado (largo plazo),USD/mes,,,D,,2026-08-16,Pendiente de relevar.
Roberto L. Petit,3 dormitorios,Airbnb / temporal,USD/noche,,,D,,2026-08-16,Pendiente de relevar.
Roberto L. Petit,3 dormitorios,Tradicional (sin muebles),USD/mes,,,D,,2026-08-16,Pendiente de relevar.
Roberto L. Petit,3 dormitorios,Amoblado (largo plazo),USD/mes,,,D,,2026-08-16,Pendiente de relevar.
San Vicente,Monoambiente,Airbnb / temporal,USD/noche,,,D,,2026-08-16,Pendiente de relevar.
San Vicente,Monoambiente,Tradicional (sin muebles),USD/mes,,,D,,2026-08-16,Pendiente de relevar.
San Vicente,Monoambiente,Amoblado (largo plazo),USD/mes,,,D,,2026-08-16,Pendiente de relevar.
San Vicente,1 dormitorio,Airbnb / temporal,USD/noche,,,D,,2026-08-16,Pendiente de relevar.
San Vicente,1 dormitorio,Tradicional (sin muebles),USD/mes,,,D,,2026-08-16,Pendiente de relevar.
San Vicente,1 dormitorio,Amoblado (largo plazo),USD/mes,,,D,,2026-08-16,Pendiente de relevar.
San Vicente,2 dormitorios,Airbnb / temporal,USD/noche,,,D,,2026-08-16,Pendiente de relevar.
San Vicente,2 dormitorios,Tradicional (sin muebles),USD/mes,,,D,,2026-08-16,Pendiente de relevar.
San Vicente,2 dormitorios,Amoblado (largo plazo),USD/mes,,,D,,2026-08-16,Pendiente de relevar.
San Vicente,3 dormitorios,Airbnb / temporal,USD/noche,,,D,,2026-08-16,Pendiente de relevar.
San Vicente,3 dormitorios,Tradicional (sin muebles),USD/mes,,,D,,2026-08-16,Pendiente de relevar.
San Vicente,3 dormitorios,Amoblado (largo plazo),USD/mes,,,D,,2026-08-16,Pendiente de relevar.
Hipódromo,Monoambiente,Airbnb / temporal,USD/noche,,,D,,2026-08-16,Pendiente de relevar.
Hipódromo,Monoambiente,Tradicional (sin muebles),USD/mes,,,D,,2026-08-16,Pendiente de relevar.
Hipódromo,Monoambiente,Amoblado (largo plazo),USD/mes,,,D,,2026-08-16,Pendiente de relevar.
Hipódromo,1 dormitorio,Airbnb / temporal,USD/noche,,,D,,2026-08-16,Pendiente de relevar.
Hipódromo,1 dormitorio,Tradicional (sin muebles),USD/mes,,,D,,2026-08-16,Pendiente de relevar.
Hipódromo,1 dormitorio,Amoblado (largo plazo),USD/mes,,,D,,2026-08-16,Pendiente de relevar.
Hipódromo,2 dormitorios,Airbnb / temporal,USD/noche,,,D,,2026-08-16,Pendiente de relevar.
Hipódromo,2 dormitorios,Tradicional (sin muebles),USD/mes,,,D,,2026-08-16,Pendiente de relevar.
Hipódromo,2 dormitorios,Amoblado (largo plazo),USD/mes,,,D,,2026-08-16,Pendiente de relevar.
Hipódromo,3 dormitorios,Airbnb / temporal,USD/noche,,,D,,2026-08-16,Pendiente de relevar.
Hipódromo,3 dormitorios,Tradicional (sin muebles),USD/mes,,,D,,2026-08-16,Pendiente de relevar.
Hipódromo,3 dormitorios,Amoblado (largo plazo),USD/mes,,,D,,2026-08-16,Pendiente de relevar.
Republicano,Monoambiente,Airbnb / temporal,USD/noche,,,D,,2026-08-16,Pendiente de relevar.
Republicano,Monoambiente,Tradicional (sin muebles),USD/mes,,,D,,2026-08-16,Pendiente de relevar.
Republicano,Monoambiente,Amoblado (largo plazo),USD/mes,,,D,,2026-08-16,Pendiente de relevar.
Republicano,1 dormitorio,Airbnb / temporal,USD/noche,,,D,,2026-08-16,Pendiente de relevar.
Republicano,1 dormitorio,Tradicional (sin muebles),USD/mes,,,D,,2026-08-16,Pendiente de relevar.
Republicano,1 dormitorio,Amoblado (largo plazo),USD/mes,,,D,,2026-08-16,Pendiente de relevar.
Republicano,2 dormitorios,Airbnb / temporal,USD/noche,,,D,,2026-08-16,Pendiente de relevar.
Republicano,2 dormitorios,Tradicional (sin muebles),USD/mes,,,D,,2026-08-16,Pendiente de relevar.
Republicano,2 dormitorios,Amoblado (largo plazo),USD/mes,,,D,,2026-08-16,Pendiente de relevar.
Republicano,3 dormitorios,Airbnb / temporal,USD/noche,,,D,,2026-08-16,Pendiente de relevar.
Republicano,3 dormitorios,Tradicional (sin muebles),USD/mes,,,D,,2026-08-16,Pendiente de relevar.
Republicano,3 dormitorios,Amoblado (largo plazo),USD/mes,,,D,,2026-08-16,Pendiente de relevar.
Terminal,Monoambiente,Airbnb / temporal,USD/noche,,,D,,2026-08-16,Pendiente de relevar.
Terminal,Monoambiente,Tradicional (sin muebles),USD/mes,,,D,,2026-08-16,Pendiente de relevar.
Terminal,Monoambiente,Amoblado (largo plazo),USD/mes,,,D,,2026-08-16,Pendiente de relevar.
Terminal,1 dormitorio,Airbnb / temporal,USD/noche,,,D,,2026-08-16,Pendiente de relevar.
Terminal,1 dormitorio,Tradicional (sin muebles),USD/mes,,,D,,2026-08-16,Pendiente de relevar.
Terminal,1 dormitorio,Amoblado (largo plazo),USD/mes,,,D,,2026-08-16,Pendiente de relevar.
Terminal,2 dormitorios,Airbnb / temporal,USD/noche,,,D,,2026-08-16,Pendiente de relevar.
Terminal,2 dormitorios,Tradicional (sin muebles),USD/mes,,,D,,2026-08-16,Pendiente de relevar.
Terminal,2 dormitorios,Amoblado (largo plazo),USD/mes,,,D,,2026-08-16,Pendiente de relevar.
Terminal,3 dormitorios,Airbnb / temporal,USD/noche,,,D,,2026-08-16,Pendiente de relevar.
Terminal,3 dormitorios,Tradicional (sin muebles),USD/mes,,,D,,2026-08-16,Pendiente de relevar.
Terminal,3 dormitorios,Amoblado (largo plazo),USD/mes,,,D,,2026-08-16,Pendiente de relevar.
San Pablo,Monoambiente,Airbnb / temporal,USD/noche,,,D,,2026-08-16,Pendiente de relevar.
San Pablo,Monoambiente,Tradicional (sin muebles),USD/mes,,,D,,2026-08-16,Pendiente de relevar.
San Pablo,Monoambiente,Amoblado (largo plazo),USD/mes,,,D,,2026-08-16,Pendiente de relevar.
San Pablo,1 dormitorio,Airbnb / temporal,USD/noche,,,D,,2026-08-16,Pendiente de relevar.
San Pablo,1 dormitorio,Tradicional (sin muebles),USD/mes,,,D,,2026-08-16,Pendiente de relevar.
San Pablo,1 dormitorio,Amoblado (largo plazo),USD/mes,,,D,,2026-08-16,Pendiente de relevar.
San Pablo,2 dormitorios,Airbnb / temporal,USD/noche,,,D,,2026-08-16,Pendiente de relevar.
San Pablo,2 dormitorios,Tradicional (sin muebles),USD/mes,,,D,,2026-08-16,Pendiente de relevar.
San Pablo,2 dormitorios,Amoblado (largo plazo),USD/mes,,,D,,2026-08-16,Pendiente de relevar.
San Pablo,3 dormitorios,Airbnb / temporal,USD/noche,,,D,,2026-08-16,Pendiente de relevar.
San Pablo,3 dormitorios,Tradicional (sin muebles),USD/mes,,,D,,2026-08-16,Pendiente de relevar.
San Pablo,3 dormitorios,Amoblado (largo plazo),USD/mes,,,D,,2026-08-16,Pendiente de relevar.
Bañado,Monoambiente,Airbnb / temporal,USD/noche,,,D,,2026-08-16,Pendiente de relevar.
Bañado,Monoambiente,Tradicional (sin muebles),USD/mes,,,D,,2026-08-16,Pendiente de relevar.
Bañado,Monoambiente,Amoblado (largo plazo),USD/mes,,,D,,2026-08-16,Pendiente de relevar.
Bañado,1 dormitorio,Airbnb / temporal,USD/noche,,,D,,2026-08-16,Pendiente de relevar.
Bañado,1 dormitorio,Tradicional (sin muebles),USD/mes,,,D,,2026-08-16,Pendiente de relevar.
Bañado,1 dormitorio,Amoblado (largo plazo),USD/mes,,,D,,2026-08-16,Pendiente de relevar.
Bañado,2 dormitorios,Airbnb / temporal,USD/noche,,,D,,2026-08-16,Pendiente de relevar.
Bañado,2 dormitorios,Tradicional (sin muebles),USD/mes,,,D,,2026-08-16,Pendiente de relevar.
Bañado,2 dormitorios,Amoblado (largo plazo),USD/mes,,,D,,2026-08-16,Pendiente de relevar.
Bañado,3 dormitorios,Airbnb / temporal,USD/noche,,,D,,2026-08-16,Pendiente de relevar.
Bañado,3 dormitorios,Tradicional (sin muebles),USD/mes,,,D,,2026-08-16,Pendiente de relevar.
Bañado,3 dormitorios,Amoblado (largo plazo),USD/mes,,,D,,2026-08-16,Pendiente de relevar.
Santa Ana,Monoambiente,Airbnb / temporal,USD/noche,,,D,,2026-08-16,Pendiente de relevar.
Santa Ana,Monoambiente,Tradicional (sin muebles),USD/mes,,,D,,2026-08-16,Pendiente de relevar.
Santa Ana,Monoambiente,Amoblado (largo plazo),USD/mes,,,D,,2026-08-16,Pendiente de relevar.
Santa Ana,1 dormitorio,Airbnb / temporal,USD/noche,,,D,,2026-08-16,Pendiente de relevar.
Santa Ana,1 dormitorio,Tradicional (sin muebles),USD/mes,,,D,,2026-08-16,Pendiente de relevar.
Santa Ana,1 dormitorio,Amoblado (largo plazo),USD/mes,,,D,,2026-08-16,Pendiente de relevar.
Santa Ana,2 dormitorios,Airbnb / temporal,USD/noche,,,D,,2026-08-16,Pendiente de relevar.
Santa Ana,2 dormitorios,Tradicional (sin muebles),USD/mes,,,D,,2026-08-16,Pendiente de relevar.
Santa Ana,2 dormitorios,Amoblado (largo plazo),USD/mes,,,D,,2026-08-16,Pendiente de relevar.
Santa Ana,3 dormitorios,Airbnb / temporal,USD/noche,,,D,,2026-08-16,Pendiente de relevar.
Santa Ana,3 dormitorios,Tradicional (sin muebles),USD/mes,,,D,,2026-08-16,Pendiente de relevar.
Santa Ana,3 dormitorios,Amoblado (largo plazo),USD/mes,,,D,,2026-08-16,Pendiente de relevar.
Ita Enramada,Monoambiente,Airbnb / temporal,USD/noche,,,D,,2026-08-16,Pendiente de relevar.
Ita Enramada,Monoambiente,Tradicional (sin muebles),USD/mes,,,D,,2026-08-16,Pendiente de relevar.
Ita Enramada,Monoambiente,Amoblado (largo plazo),USD/mes,,,D,,2026-08-16,Pendiente de relevar.
Ita Enramada,1 dormitorio,Airbnb / temporal,USD/noche,,,D,,2026-08-16,Pendiente de relevar.
Ita Enramada,1 dormitorio,Tradicional (sin muebles),USD/mes,,,D,,2026-08-16,Pendiente de relevar.
Ita Enramada,1 dormitorio,Amoblado (largo plazo),USD/mes,,,D,,2026-08-16,Pendiente de relevar.
Ita Enramada,2 dormitorios,Airbnb / temporal,USD/noche,,,D,,2026-08-16,Pendiente de relevar.
Ita Enramada,2 dormitorios,Tradicional (sin muebles),USD/mes,,,D,,2026-08-16,Pendiente de relevar.
Ita Enramada,2 dormitorios,Amoblado (largo plazo),USD/mes,,,D,,2026-08-16,Pendiente de relevar.
Ita Enramada,3 dormitorios,Airbnb / temporal,USD/noche,,,D,,2026-08-16,Pendiente de relevar.
Ita Enramada,3 dormitorios,Tradicional (sin muebles),USD/mes,,,D,,2026-08-16,Pendiente de relevar.
Ita Enramada,3 dormitorios,Amoblado (largo plazo),USD/mes,,,D,,2026-08-16,Pendiente de relevar.
